/** SE CREA LA BASE DE DATOS**/
CREATE DATABASE W3SCHOLS
GO

/** SE SELECCIONA LA BASE DE DATOS CREADA**/
USE W3SCHOLS
GO

/** INSTRUCCION QUE PERMITE CREAR LOS DIAGRAMAS**/
Alter authorization on database::W3SCHOLS to sa 

/** SE ESTABLECE LA FECHA DE LA BASE DE DATOS EN ESPAÑOL**/
SET DATEFORMAT dmy
SET LANGUAGE spanish

/** SE CREAN LAS TABLAS DE LA BASE DE DATOS**/

/* Crear la tabla de Clientes*/

CREATE TABLE Clientes(
	Cliente_ID int NOT NULL,	
	Nom_Cliente	varchar(80) NULL,
	Nom_Contacto varchar(80) NULL,
	Direccion	varchar(100) NULL,
	Ciudad	varchar(20) NULL,
	Codigo_Postal varchar(10) NULL,
	Pais varchar(20) NULL,
    CONSTRAINT [PK_Clientes] PRIMARY KEY (Cliente_ID ASC) 
)
GO

/* Crear la tabla de Categorias*/
CREATE TABLE Categorias(
	Categoria_ID	int NOT NULL,
	Nom_Categoria varchar(30) NULL,
	Descripcion varchar(200) NULL,
    CONSTRAINT [PK_Categorias] PRIMARY KEY (Categoria_ID ASC) 
)
GO

/* Crear la tabla de Proveedores*/
CREATE TABLE Proveedores(
	Proveedor_ID	int NOT NULL,
	Nom_Proveedor	varchar(80) NULL,
	Nom_Contacto	varchar(80) NULL,
	Direccion	varchar(100) NULL,
	Ciudad	varchar(20) NULL,
	Cod_Postal	varchar(10) NULL,
	Pais	varchar(20) NULL,
	Telefono varchar(20) NULL,
	CONSTRAINT [PK_Proveedores] PRIMARY KEY (Proveedor_ID ASC) 
)
GO

/* Crear la tabla de Transportistas*/
CREATE TABLE Transportistas(
	Transportista_ID	int NOT NULL,
	Nom_Transportista	varchar(20) NULL,
	Telefono	varchar(20) NULL,
	CONSTRAINT [PK_Transportistas] PRIMARY KEY (Transportista_ID ASC) 
)
GO

/* Crear la tabla de Empleados*/
CREATE TABLE Empleados(
	Empleado_ID	int NOT NULL,
	Nombre	varchar(20) NULL,
	Apellido	varchar(20) NULL,
	Fec_Nacimiento	datetime,
	CONSTRAINT [PK_Empleados] PRIMARY KEY (Empleado_ID ASC) 
)
GO

/* Crear la tabla de Productos*/
CREATE TABLE  Productos (
	Producto_ID int NOT NULL,
	Nom_Producto varchar(50) NULL,
	Proveedor_ID int NOT NULL,
	Categoria_ID int NOT NULL,
	Unidad varchar(50) NOT NULL,
	Precio Numeric(6,2) NOT NULL,
	CONSTRAINT [PK_Productos] PRIMARY KEY (Producto_ID ASC),
	CONSTRAINT FK_Productos_Proveedores FOREIGN KEY (Proveedor_ID) REFERENCES Proveedores(Proveedor_ID),
	CONSTRAINT FK_Productos_Categorias FOREIGN KEY (Categoria_ID) REFERENCES Categorias(Categoria_ID)
)
GO

/* Crear la tabla de Ordenes*/
CREATE TABLE  Ordenes (
	Orden_ID	 int NOT NULL,
	Cliente_ID	 int NOT NULL,
	Empleado_ID	 int NOT NULL,
	Fec_Orden	datetime,
	Transportista_ID  int NOT NULL,
	CONSTRAINT [PK_Ordenes] PRIMARY KEY (Orden_ID ASC),
	CONSTRAINT FK_Ordenes_Clientes FOREIGN KEY (Cliente_ID) REFERENCES Clientes(Cliente_ID),
	CONSTRAINT FK_Ordenes_Empleados FOREIGN KEY (Empleado_ID) REFERENCES Empleados(Empleado_ID),
	CONSTRAINT FK_Ordenes_Transportistas FOREIGN KEY (Transportista_ID) REFERENCES Transportistas(Transportista_ID)
)
GO

/* Crear la tabla de Ordenes*/
CREATE TABLE  Ordenes_Detalle (
	Orden_Detalle_ID	int NOT NULL,
	Orden_ID	int NOT NULL,
	Producto_ID	int NOT NULL,
	Cantidad int NOT NULL,
	CONSTRAINT [PK_Ordenes_Detalle] PRIMARY KEY (Orden_Detalle_ID ASC),
	CONSTRAINT FK_Ordenes_Detalle_Ordenes FOREIGN KEY (Orden_ID) REFERENCES Ordenes(Orden_ID),
	CONSTRAINT FK_Ordenes_Detalle_Productos FOREIGN KEY (Producto_ID) REFERENCES Productos(Producto_ID)
)
GO


/** SE LLENAN LAS TABLAS CON LOS DATOS**/

/*Tabla de Clientes*/
Insert Into Clientes (Cliente_ID,Nom_Cliente,Nom_Contacto,Direccion,Ciudad,Codigo_Postal,Pais) Values(1,'Alfreds Futterkiste','Maria Anders','Obere Str. 57','Berlin','12209','Germany')
Insert Into Clientes (Cliente_ID,Nom_Cliente,Nom_Contacto,Direccion,Ciudad,Codigo_Postal,Pais) Values(2,'Ana Trujillo Emparedados y helados','Ana Trujillo','Avda. de la Constitución 2222','México D.F.','5021','Mexico')
Insert Into Clientes (Cliente_ID,Nom_Cliente,Nom_Contacto,Direccion,Ciudad,Codigo_Postal,Pais) Values(3,'Antonio Moreno Taquería','Antonio Moreno','Mataderos 2312','México D.F.','5023','Mexico')
Insert Into Clientes (Cliente_ID,Nom_Cliente,Nom_Contacto,Direccion,Ciudad,Codigo_Postal,Pais) Values(4,'Around the Horn','Thomas Hardy','120 Hanover Sq.','London','WA1 1DP','UK')
Insert Into Clientes (Cliente_ID,Nom_Cliente,Nom_Contacto,Direccion,Ciudad,Codigo_Postal,Pais) Values(5,'Berglunds snabbköp','Christina Berglund','Berguvsvägen 8','Luleå','S-958 22','Sweden')
Insert Into Clientes (Cliente_ID,Nom_Cliente,Nom_Contacto,Direccion,Ciudad,Codigo_Postal,Pais) Values(6,'Blauer See Delikatessen','Hanna Moos','Forsterstr. 57','Mannheim','68306','Germany')
Insert Into Clientes (Cliente_ID,Nom_Cliente,Nom_Contacto,Direccion,Ciudad,Codigo_Postal,Pais) Values(7,'Blondel père et fils','Frédérique Citeaux','24, place Kléber','Strasbourg','67000','France')
Insert Into Clientes (Cliente_ID,Nom_Cliente,Nom_Contacto,Direccion,Ciudad,Codigo_Postal,Pais) Values(8,'Bólido Comidas preparadas','Martín Sommer','C/ Araquil, 67','Madrid','28023','Spain')
Insert Into Clientes (Cliente_ID,Nom_Cliente,Nom_Contacto,Direccion,Ciudad,Codigo_Postal,Pais) Values(9,'Bon app''','Laurence Lebihans','12, rue des Bouchers','Marseille','13008','France')
Insert Into Clientes (Cliente_ID,Nom_Cliente,Nom_Contacto,Direccion,Ciudad,Codigo_Postal,Pais) Values(10,'Bottom-Dollar Marketse','Elizabeth Lincoln','23 Tsawassen Blvd.','Tsawassen','T2F 8M4','Canada')
Insert Into Clientes (Cliente_ID,Nom_Cliente,Nom_Contacto,Direccion,Ciudad,Codigo_Postal,Pais) Values(11,'B''s Beverages','Victoria Ashworth','Fauntleroy Circus','London','EC2 5NT','UK')
Insert Into Clientes (Cliente_ID,Nom_Cliente,Nom_Contacto,Direccion,Ciudad,Codigo_Postal,Pais) Values(12,'Cactus Comidas para llevar','Patricio Simpson','Cerrito 333','Buenos Aires','1010','Argentina')
Insert Into Clientes (Cliente_ID,Nom_Cliente,Nom_Contacto,Direccion,Ciudad,Codigo_Postal,Pais) Values(13,'Centro comercial Moctezuma','Francisco Chang','Sierras de Granada 9993','México D.F.','5022','Mexico')
Insert Into Clientes (Cliente_ID,Nom_Cliente,Nom_Contacto,Direccion,Ciudad,Codigo_Postal,Pais) Values(14,'Chop-suey Chinese','Yang Wang','Hauptstr. 29','Bern','3012','Switzerland')
Insert Into Clientes (Cliente_ID,Nom_Cliente,Nom_Contacto,Direccion,Ciudad,Codigo_Postal,Pais) Values(15,'Comércio Mineiro','Pedro Afonso','Av. dos Lusíadas, 23','São Paulo','05432-043','Brazil')
Insert Into Clientes (Cliente_ID,Nom_Cliente,Nom_Contacto,Direccion,Ciudad,Codigo_Postal,Pais) Values(16,'Consolidated Holdings','Elizabeth Brown','Berkeley Gardens 12 Brewery','London','WX1 6LT','UK')
Insert Into Clientes (Cliente_ID,Nom_Cliente,Nom_Contacto,Direccion,Ciudad,Codigo_Postal,Pais) Values(17,'Drachenblut Delikatessend','Sven Ottlieb','Walserweg 21','Aachen','52066','Germany')
Insert Into Clientes (Cliente_ID,Nom_Cliente,Nom_Contacto,Direccion,Ciudad,Codigo_Postal,Pais) Values(18,'Du monde entier','Janine Labrune','67, rue des Cinquante Otages','Nantes','44000','France')
Insert Into Clientes (Cliente_ID,Nom_Cliente,Nom_Contacto,Direccion,Ciudad,Codigo_Postal,Pais) Values(19,'Eastern Connection','Ann Devon','35 King George','London','WX3 6FW','UK')
Insert Into Clientes (Cliente_ID,Nom_Cliente,Nom_Contacto,Direccion,Ciudad,Codigo_Postal,Pais) Values(20,'Ernst Handel','Roland Mendel','Kirchgasse 6','Graz','8010','Austria')
Insert Into Clientes (Cliente_ID,Nom_Cliente,Nom_Contacto,Direccion,Ciudad,Codigo_Postal,Pais) Values(21,'Familia Arquibaldo','Aria Cruz','Rua Orós, 92','São Paulo','05442-030','Brazil')
Insert Into Clientes (Cliente_ID,Nom_Cliente,Nom_Contacto,Direccion,Ciudad,Codigo_Postal,Pais) Values(22,'FISSA Fabrica Inter. Salchichas S.A.','Diego Roel','C/ Moralzarzal, 86','Madrid','28034','Spain')
Insert Into Clientes (Cliente_ID,Nom_Cliente,Nom_Contacto,Direccion,Ciudad,Codigo_Postal,Pais) Values(23,'Folies gourmandes','Martine Rancé','184, chaussée de Tournai','Lille','59000','France')
Insert Into Clientes (Cliente_ID,Nom_Cliente,Nom_Contacto,Direccion,Ciudad,Codigo_Postal,Pais) Values(24,'Folk och fä HB','Maria Larsson','Åkergatan 24','Bräcke','S-844 67','Sweden')
Insert Into Clientes (Cliente_ID,Nom_Cliente,Nom_Contacto,Direccion,Ciudad,Codigo_Postal,Pais) Values(25,'Frankenversand','Peter Franken','Berliner Platz 43','München','80805','Germany')
Insert Into Clientes (Cliente_ID,Nom_Cliente,Nom_Contacto,Direccion,Ciudad,Codigo_Postal,Pais) Values(26,'France restauration','Carine Schmitt','54, rue Royale','Nantes','44000','France')
Insert Into Clientes (Cliente_ID,Nom_Cliente,Nom_Contacto,Direccion,Ciudad,Codigo_Postal,Pais) Values(27,'Franchi S.p.A.','Paolo Accorti','Via Monte Bianco 34','Torino','10100','Italy')
Insert Into Clientes (Cliente_ID,Nom_Cliente,Nom_Contacto,Direccion,Ciudad,Codigo_Postal,Pais) Values(28,'Furia Bacalhau e Frutos do Mar','Lino Rodriguez','Jardim das rosas n. 32','Lisboa','1675','Portugal')
Insert Into Clientes (Cliente_ID,Nom_Cliente,Nom_Contacto,Direccion,Ciudad,Codigo_Postal,Pais) Values(29,'Galería del gastrónomo','Eduardo Saavedra','Rambla de Cataluña, 23','Barcelona','8022','Spain')
Insert Into Clientes (Cliente_ID,Nom_Cliente,Nom_Contacto,Direccion,Ciudad,Codigo_Postal,Pais) Values(30,'Godos Cocina Típica','José Pedro Freyre','C/ Romero, 33','Sevilla','41101','Spain')
Insert Into Clientes (Cliente_ID,Nom_Cliente,Nom_Contacto,Direccion,Ciudad,Codigo_Postal,Pais) Values(31,'Gourmet Lanchonetes','André Fonseca','Av. Brasil, 442','Campinas','04876-786','Brazil')
Insert Into Clientes (Cliente_ID,Nom_Cliente,Nom_Contacto,Direccion,Ciudad,Codigo_Postal,Pais) Values(32,'Great Lakes Food Market','Howard Snyder','2732 Baker Blvd.','Eugene','97403','USA')
Insert Into Clientes (Cliente_ID,Nom_Cliente,Nom_Contacto,Direccion,Ciudad,Codigo_Postal,Pais) Values(33,'GROSELLA-Restaurante','Manuel Pereira','5ª Ave. Los Palos Grandes','Caracas','1081','Venezuela')
Insert Into Clientes (Cliente_ID,Nom_Cliente,Nom_Contacto,Direccion,Ciudad,Codigo_Postal,Pais) Values(34,'Hanari Carnes','Mario Pontes','Rua do Paço, 67','Rio de Janeiro','05454-876','Brazil')
Insert Into Clientes (Cliente_ID,Nom_Cliente,Nom_Contacto,Direccion,Ciudad,Codigo_Postal,Pais) Values(35,'HILARIÓN-Abastos','Carlos Hernández','Carrera 22 con Ave. Carlos Soublette #8-35','San Cristóbal','5022','Venezuela')
Insert Into Clientes (Cliente_ID,Nom_Cliente,Nom_Contacto,Direccion,Ciudad,Codigo_Postal,Pais) Values(36,'Hungry Coyote Import Store','Yoshi Latimer','City Center Plaza 516 Main St.','Elgin','97827','USA')
Insert Into Clientes (Cliente_ID,Nom_Cliente,Nom_Contacto,Direccion,Ciudad,Codigo_Postal,Pais) Values(37,'Hungry Owl All-Night Grocers','Patricia McKenna','8 Johnstown Road','Cork','','Ireland')
Insert Into Clientes (Cliente_ID,Nom_Cliente,Nom_Contacto,Direccion,Ciudad,Codigo_Postal,Pais) Values(38,'Island Trading','Helen Bennett','Garden House Crowther Way','Cowes','PO31 7PJ','UK')
Insert Into Clientes (Cliente_ID,Nom_Cliente,Nom_Contacto,Direccion,Ciudad,Codigo_Postal,Pais) Values(39,'Königlich Essen','Philip Cramer','Maubelstr. 90','Brandenburg','14776','Germany')
Insert Into Clientes (Cliente_ID,Nom_Cliente,Nom_Contacto,Direccion,Ciudad,Codigo_Postal,Pais) Values(40,'La corne d''abondance','Daniel Tonini','67, avenue de l''Europe','Versailles','78000','France')
Insert Into Clientes (Cliente_ID,Nom_Cliente,Nom_Contacto,Direccion,Ciudad,Codigo_Postal,Pais) Values(41,'La maison d''Asie','Annette Roulet','1 rue Alsace-Lorraine','Toulouse','31000','France')
Insert Into Clientes (Cliente_ID,Nom_Cliente,Nom_Contacto,Direccion,Ciudad,Codigo_Postal,Pais) Values(42,'Laughing Bacchus Wine Cellars','Yoshi Tannamuri','1900 Oak St.','Vancouver','V3F 2K1','Canada')
Insert Into Clientes (Cliente_ID,Nom_Cliente,Nom_Contacto,Direccion,Ciudad,Codigo_Postal,Pais) Values(43,'Lazy K Kountry Store','John Steel','12 Orchestra Terrace','Walla Walla','99362','USA')
Insert Into Clientes (Cliente_ID,Nom_Cliente,Nom_Contacto,Direccion,Ciudad,Codigo_Postal,Pais) Values(44,'Lehmanns Marktstand','Renate Messner','Magazinweg 7','Frankfurt a.M.','60528','Germany')
Insert Into Clientes (Cliente_ID,Nom_Cliente,Nom_Contacto,Direccion,Ciudad,Codigo_Postal,Pais) Values(45,'Let''s Stop N Shop','Jaime Yorres','87 Polk St. Suite 5','San Francisco','94117','USA')
Insert Into Clientes (Cliente_ID,Nom_Cliente,Nom_Contacto,Direccion,Ciudad,Codigo_Postal,Pais) Values(46,'LILA-Supermercado','Carlos González','Carrera 52 con Ave. Bolívar #65-98 Llano Largo','Barquisimeto','3508','Venezuela')
Insert Into Clientes (Cliente_ID,Nom_Cliente,Nom_Contacto,Direccion,Ciudad,Codigo_Postal,Pais) Values(47,'LINO-Delicateses','Felipe Izquierdo','Ave. 5 de Mayo Porlamar','I. de Margarita','4980','Venezuela')
Insert Into Clientes (Cliente_ID,Nom_Cliente,Nom_Contacto,Direccion,Ciudad,Codigo_Postal,Pais) Values(48,'Lonesome Pine Restaurant','Fran Wilson','89 Chiaroscuro Rd.','Portland','97219','USA')
Insert Into Clientes (Cliente_ID,Nom_Cliente,Nom_Contacto,Direccion,Ciudad,Codigo_Postal,Pais) Values(49,'Magazzini Alimentari Riuniti','Giovanni Rovelli','Via Ludovico il Moro 22','Bergamo','24100','Italy')
Insert Into Clientes (Cliente_ID,Nom_Cliente,Nom_Contacto,Direccion,Ciudad,Codigo_Postal,Pais) Values(50,'Maison Dewey','Catherine Dewey','Rue Joseph-Bens 532','Bruxelles','B-1180','Belgium')
Insert Into Clientes (Cliente_ID,Nom_Cliente,Nom_Contacto,Direccion,Ciudad,Codigo_Postal,Pais) Values(51,'Mère Paillarde','Jean Fresnière','43 rue St. Laurent','Montréal','H1J 1C3','Canada')
Insert Into Clientes (Cliente_ID,Nom_Cliente,Nom_Contacto,Direccion,Ciudad,Codigo_Postal,Pais) Values(52,'Morgenstern Gesundkost','Alexander Feuer','Heerstr. 22','Leipzig','4179','Germany')
Insert Into Clientes (Cliente_ID,Nom_Cliente,Nom_Contacto,Direccion,Ciudad,Codigo_Postal,Pais) Values(53,'North/South','Simon Crowther','South House 300 Queensbridge','London','SW7 1RZ','UK')
Insert Into Clientes (Cliente_ID,Nom_Cliente,Nom_Contacto,Direccion,Ciudad,Codigo_Postal,Pais) Values(54,'Océano Atlántico Ltda.','Yvonne Moncada','Ing. Gustavo Moncada 8585 Piso 20-A','Buenos Aires','1010','Argentina')
Insert Into Clientes (Cliente_ID,Nom_Cliente,Nom_Contacto,Direccion,Ciudad,Codigo_Postal,Pais) Values(55,'Old World Delicatessen','Rene Phillips','2743 Bering St.','Anchorage','99508','USA')
Insert Into Clientes (Cliente_ID,Nom_Cliente,Nom_Contacto,Direccion,Ciudad,Codigo_Postal,Pais) Values(56,'Ottilies Käseladen','Henriette Pfalzheim','Mehrheimerstr. 369','Köln','50739','Germany')
Insert Into Clientes (Cliente_ID,Nom_Cliente,Nom_Contacto,Direccion,Ciudad,Codigo_Postal,Pais) Values(57,'Paris spécialités','Marie Bertrand','265, boulevard Charonne','Paris','75012','France')
Insert Into Clientes (Cliente_ID,Nom_Cliente,Nom_Contacto,Direccion,Ciudad,Codigo_Postal,Pais) Values(58,'Pericles Comidas clásicas','Guillermo Fernández','Calle Dr. Jorge Cash 321','México D.F.','5033','Mexico')
Insert Into Clientes (Cliente_ID,Nom_Cliente,Nom_Contacto,Direccion,Ciudad,Codigo_Postal,Pais) Values(59,'Piccolo und mehr','Georg Pipps','Geislweg 14','Salzburg','5020','Austria')
Insert Into Clientes (Cliente_ID,Nom_Cliente,Nom_Contacto,Direccion,Ciudad,Codigo_Postal,Pais) Values(60,'Princesa Isabel Vinhoss','Isabel de Castro','Estrada da saúde n. 58','Lisboa','1756','Portugal')
Insert Into Clientes (Cliente_ID,Nom_Cliente,Nom_Contacto,Direccion,Ciudad,Codigo_Postal,Pais) Values(61,'Que Delícia','Bernardo Batista','Rua da Panificadora, 12','Rio de Janeiro','02389-673','Brazil')
Insert Into Clientes (Cliente_ID,Nom_Cliente,Nom_Contacto,Direccion,Ciudad,Codigo_Postal,Pais) Values(62,'Queen Cozinha','Lúcia Carvalho','Alameda dos Canàrios, 891','São Paulo','05487-020','Brazil')
Insert Into Clientes (Cliente_ID,Nom_Cliente,Nom_Contacto,Direccion,Ciudad,Codigo_Postal,Pais) Values(63,'QUICK-Stop','Horst Kloss','Taucherstraße 10','Cunewalde','1307','Germany')
Insert Into Clientes (Cliente_ID,Nom_Cliente,Nom_Contacto,Direccion,Ciudad,Codigo_Postal,Pais) Values(64,'Rancho grande','Sergio Gutiérrez','Av. del Libertador 900','Buenos Aires','1010','Argentina')
Insert Into Clientes (Cliente_ID,Nom_Cliente,Nom_Contacto,Direccion,Ciudad,Codigo_Postal,Pais) Values(65,'Rattlesnake Canyon Grocery','Paula Wilson','2817 Milton Dr.','Albuquerque','87110','USA')
Insert Into Clientes (Cliente_ID,Nom_Cliente,Nom_Contacto,Direccion,Ciudad,Codigo_Postal,Pais) Values(66,'Reggiani Caseifici','Maurizio Moroni','Strada Provinciale 124','Reggio Emilia','42100','Italy')
Insert Into Clientes (Cliente_ID,Nom_Cliente,Nom_Contacto,Direccion,Ciudad,Codigo_Postal,Pais) Values(67,'Ricardo Adocicados','Janete Limeira','Av. Copacabana, 267','Rio de Janeiro','02389-890','Brazil')
Insert Into Clientes (Cliente_ID,Nom_Cliente,Nom_Contacto,Direccion,Ciudad,Codigo_Postal,Pais) Values(68,'Richter Supermarkt','Michael Holz','Grenzacherweg 237','Genève','1203','Switzerland')
Insert Into Clientes (Cliente_ID,Nom_Cliente,Nom_Contacto,Direccion,Ciudad,Codigo_Postal,Pais) Values(69,'Romero y tomillo','Alejandra Camino','Gran Vía, 1','Madrid','28001','Spain')
Insert Into Clientes (Cliente_ID,Nom_Cliente,Nom_Contacto,Direccion,Ciudad,Codigo_Postal,Pais) Values(70,'Santé Gourmet','Jonas Bergulfsen','Erling Skakkes gate 78','Stavern','4110','Norway')
Insert Into Clientes (Cliente_ID,Nom_Cliente,Nom_Contacto,Direccion,Ciudad,Codigo_Postal,Pais) Values(71,'Save-a-lot Markets','Jose Pavarotti','187 Suffolk Ln.','Boise','83720','USA')
Insert Into Clientes (Cliente_ID,Nom_Cliente,Nom_Contacto,Direccion,Ciudad,Codigo_Postal,Pais) Values(72,'Seven Seas Imports','Hari Kumar','90 Wadhurst Rd.','London','OX15 4NB','UK')
Insert Into Clientes (Cliente_ID,Nom_Cliente,Nom_Contacto,Direccion,Ciudad,Codigo_Postal,Pais) Values(73,'Simons bistro','Jytte Petersen','Vinbæltet 34','København','1734','Denmark')
Insert Into Clientes (Cliente_ID,Nom_Cliente,Nom_Contacto,Direccion,Ciudad,Codigo_Postal,Pais) Values(74,'Spécialités du monde','Dominique Perrier','25, rue Lauriston','Paris','75016','France')
Insert Into Clientes (Cliente_ID,Nom_Cliente,Nom_Contacto,Direccion,Ciudad,Codigo_Postal,Pais) Values(75,'Split Rail Beer & Ale','Art Braunschweiger','P.O. Box 555','Lander','82520','USA')
Insert Into Clientes (Cliente_ID,Nom_Cliente,Nom_Contacto,Direccion,Ciudad,Codigo_Postal,Pais) Values(76,'Suprêmes délices','Pascale Cartrain','Boulevard Tirou, 255','Charleroi','B-6000','Belgium')
Insert Into Clientes (Cliente_ID,Nom_Cliente,Nom_Contacto,Direccion,Ciudad,Codigo_Postal,Pais) Values(77,'The Big Cheese','Liz Nixon','89 Jefferson Way Suite 2','Portland','97201','USA')
Insert Into Clientes (Cliente_ID,Nom_Cliente,Nom_Contacto,Direccion,Ciudad,Codigo_Postal,Pais) Values(78,'The Cracker Box','Liu Wong','55 Grizzly Peak Rd.','Butte','59801','USA')
Insert Into Clientes (Cliente_ID,Nom_Cliente,Nom_Contacto,Direccion,Ciudad,Codigo_Postal,Pais) Values(79,'Toms Spezialitäten','Karin Josephs','Luisenstr. 48','Münster','44087','Germany')
Insert Into Clientes (Cliente_ID,Nom_Cliente,Nom_Contacto,Direccion,Ciudad,Codigo_Postal,Pais) Values(80,'Tortuga Restaurante','Miguel Angel Paolino','Avda. Azteca 123','México D.F.','5033','Mexico')
Insert Into Clientes (Cliente_ID,Nom_Cliente,Nom_Contacto,Direccion,Ciudad,Codigo_Postal,Pais) Values(81,'Tradição Hipermercados','Anabela Domingues','Av. Inês de Castro, 414','São Paulo','05634-030','Brazil')
Insert Into Clientes (Cliente_ID,Nom_Cliente,Nom_Contacto,Direccion,Ciudad,Codigo_Postal,Pais) Values(82,'Trail''s Head Gourmet Provisioners','Helvetius Nagy','722 DaVinci Blvd.','Kirkland','98034','USA')
Insert Into Clientes (Cliente_ID,Nom_Cliente,Nom_Contacto,Direccion,Ciudad,Codigo_Postal,Pais) Values(83,'Vaffeljernet','Palle Ibsen','Smagsløget 45','Århus','8200','Denmark')
Insert Into Clientes (Cliente_ID,Nom_Cliente,Nom_Contacto,Direccion,Ciudad,Codigo_Postal,Pais) Values(84,'Victuailles en stock','Mary Saveley','2, rue du Commerce','Lyon','69004','France')
Insert Into Clientes (Cliente_ID,Nom_Cliente,Nom_Contacto,Direccion,Ciudad,Codigo_Postal,Pais) Values(85,'Vins et alcools Chevalier','Paul Henriot','59 rue de l''Abbaye','Reims','51100','France')
Insert Into Clientes (Cliente_ID,Nom_Cliente,Nom_Contacto,Direccion,Ciudad,Codigo_Postal,Pais) Values(86,'Die Wandernde Kuh','Rita Müller','Adenauerallee 900','Stuttgart','70563','Germany')
Insert Into Clientes (Cliente_ID,Nom_Cliente,Nom_Contacto,Direccion,Ciudad,Codigo_Postal,Pais) Values(87,'Wartian Herkku','Pirkko Koskitalo','Torikatu 38','Oulu','90110','Finland')
Insert Into Clientes (Cliente_ID,Nom_Cliente,Nom_Contacto,Direccion,Ciudad,Codigo_Postal,Pais) Values(88,'Wellington Importadora','Paula Parente','Rua do Mercado, 12','Resende','08737-363','Brazil')
Insert Into Clientes (Cliente_ID,Nom_Cliente,Nom_Contacto,Direccion,Ciudad,Codigo_Postal,Pais) Values(89,'White Clover Markets','Karl Jablonski','305 - 14th Ave. S. Suite 3B','Seattle','98128','USA')
Insert Into Clientes (Cliente_ID,Nom_Cliente,Nom_Contacto,Direccion,Ciudad,Codigo_Postal,Pais) Values(90,'Wilman Kala','Matti Karttunen','Keskuskatu 45','Helsinki','21240','Finland')
Insert Into Clientes (Cliente_ID,Nom_Cliente,Nom_Contacto,Direccion,Ciudad,Codigo_Postal,Pais) Values(91,'Wolski','Zbyszek','ul. Filtrowa 68','Walla','01-012','Poland')
GO


/*Tabla de Categorias*/
Insert Into Categorias (Categoria_ID,Nom_Categoria,Descripcion) Values(1,'Beverages','Soft drinks, coffees, teas, beers, and ales')
Insert Into Categorias (Categoria_ID,Nom_Categoria,Descripcion) Values(2,'Condiments','Sweet and savory sauces, relishes, spreads, and seasonings')
Insert Into Categorias (Categoria_ID,Nom_Categoria,Descripcion) Values(3,'Confections','Desserts, candies, and sweet breads')
Insert Into Categorias (Categoria_ID,Nom_Categoria,Descripcion) Values(4,'Dairy Products','Cheeses')
Insert Into Categorias (Categoria_ID,Nom_Categoria,Descripcion) Values(5,'Grains/Cereals','Breads, crackers, pasta, and cereal')
Insert Into Categorias (Categoria_ID,Nom_Categoria,Descripcion) Values(6,'Meat/Poultry','Prepared meats')
Insert Into Categorias (Categoria_ID,Nom_Categoria,Descripcion) Values(7,'Produce','Dried fruit and bean curd')
Insert Into Categorias (Categoria_ID,Nom_Categoria,Descripcion) Values(8,'Seafood','Seaweed and fish')
GO


/*Tabla de Proveedores*/
Insert Into Proveedores (Proveedor_ID,Nom_Proveedor,Nom_Contacto,Direccion,Ciudad,Cod_Postal,Pais,Telefono) Values(1,'Exotic Liquid','Charlotte Cooper','49 Gilbert St.','Londona','EC1 4SD','UK','(171) 555-2222')
Insert Into Proveedores (Proveedor_ID,Nom_Proveedor,Nom_Contacto,Direccion,Ciudad,Cod_Postal,Pais,Telefono) Values(2,'New Orleans Cajun Delights','Shelley Burke','P.O. Box 78934','New Orleans','70117','USA','(100) 555-4822')
Insert Into Proveedores (Proveedor_ID,Nom_Proveedor,Nom_Contacto,Direccion,Ciudad,Cod_Postal,Pais,Telefono) Values(3,'Grandma Kelly''s Homestead','Regina Murphy','707 Oxford Rd.','Ann Arbor','48104','USA','(313) 555-5735')
Insert Into Proveedores (Proveedor_ID,Nom_Proveedor,Nom_Contacto,Direccion,Ciudad,Cod_Postal,Pais,Telefono) Values(4,'Tokyo Traders','Yoshi Nagase','9-8 Sekimai Musashino-shi','Tokyo','100','Japan','(03) 3555-5011')
Insert Into Proveedores (Proveedor_ID,Nom_Proveedor,Nom_Contacto,Direccion,Ciudad,Cod_Postal,Pais,Telefono) Values(5,'Cooperativa de Quesos ''Las Cabras''','Antonio del Valle Saavedra','Calle del Rosal 4','Oviedo','33007','Spain','(98) 598 76 54')
Insert Into Proveedores (Proveedor_ID,Nom_Proveedor,Nom_Contacto,Direccion,Ciudad,Cod_Postal,Pais,Telefono) Values(6,'Mayumi''s','Mayumi Ohno','92 Setsuko Chuo-ku','Osaka','545','Japan','(06) 431-7877')
Insert Into Proveedores (Proveedor_ID,Nom_Proveedor,Nom_Contacto,Direccion,Ciudad,Cod_Postal,Pais,Telefono) Values(7,'Pavlova, Ltd.','Ian Devling','74 Rose St. Moonie Ponds','Melbourne','3058','Australia','(03) 444-2343')
Insert Into Proveedores (Proveedor_ID,Nom_Proveedor,Nom_Contacto,Direccion,Ciudad,Cod_Postal,Pais,Telefono) Values(8,'Specialty Biscuits, Ltd.','Peter Wilson','29 King''s Way','Manchester','M14 GSD','UK','(161) 555-4448')
Insert Into Proveedores (Proveedor_ID,Nom_Proveedor,Nom_Contacto,Direccion,Ciudad,Cod_Postal,Pais,Telefono) Values(9,'PB Knäckebröd AB','Lars Peterson','Kaloadagatan 13','Göteborg','S-345 67','Sweden','031-987 65 43')
Insert Into Proveedores (Proveedor_ID,Nom_Proveedor,Nom_Contacto,Direccion,Ciudad,Cod_Postal,Pais,Telefono) Values(10,'Refrescos Americanas LTDA','Carlos Diaz','Av. das Americanas 12.890','São Paulo','5442','Brazil','(11) 555 4640')
Insert Into Proveedores (Proveedor_ID,Nom_Proveedor,Nom_Contacto,Direccion,Ciudad,Cod_Postal,Pais,Telefono) Values(11,'Heli Süßwaren GmbH & Co. KG','Petra Winkler','Tiergartenstraße 5','Berlin','10785','Germany','(010) 9984510')
Insert Into Proveedores (Proveedor_ID,Nom_Proveedor,Nom_Contacto,Direccion,Ciudad,Cod_Postal,Pais,Telefono) Values(12,'Plutzer Lebensmittelgroßmärkte AG','Martin Bein','Bogenallee 51','Frankfurt','60439','Germany','(069) 992755')
Insert Into Proveedores (Proveedor_ID,Nom_Proveedor,Nom_Contacto,Direccion,Ciudad,Cod_Postal,Pais,Telefono) Values(13,'Nord-Ost-Fisch Handelsgesellschaft mbH','Sven Petersen','Frahmredder 112a','Cuxhaven','27478','Germany','(04721) 8713')
Insert Into Proveedores (Proveedor_ID,Nom_Proveedor,Nom_Contacto,Direccion,Ciudad,Cod_Postal,Pais,Telefono) Values(14,'Formaggi Fortini s.r.l.','Elio Rossi','Viale Dante, 75','Ravenna','48100','Italy','(0544) 60323')
Insert Into Proveedores (Proveedor_ID,Nom_Proveedor,Nom_Contacto,Direccion,Ciudad,Cod_Postal,Pais,Telefono) Values(15,'Norske Meierier','Beate Vileid','Hatlevegen 5','Sandvika','1320','Norway','(0)2-953010')
Insert Into Proveedores (Proveedor_ID,Nom_Proveedor,Nom_Contacto,Direccion,Ciudad,Cod_Postal,Pais,Telefono) Values(16,'Bigfoot Breweries','Cheryl Saylor','3400 - 8th Avenue Suite 210','Bend','97101','USA','(503) 555-9931')
Insert Into Proveedores (Proveedor_ID,Nom_Proveedor,Nom_Contacto,Direccion,Ciudad,Cod_Postal,Pais,Telefono) Values(17,'Svensk Sjöföda AB','Michael Björn','Brovallavägen 231','Stockholm','S-123 45','Sweden','08-123 45 67')
Insert Into Proveedores (Proveedor_ID,Nom_Proveedor,Nom_Contacto,Direccion,Ciudad,Cod_Postal,Pais,Telefono) Values(18,'Aux joyeux ecclésiastiques','Guylène Nodier','203, Rue des Francs-Bourgeois','Paris','75004','France','(1) 03.83.00.68')
Insert Into Proveedores (Proveedor_ID,Nom_Proveedor,Nom_Contacto,Direccion,Ciudad,Cod_Postal,Pais,Telefono) Values(19,'New England Seafood Cannery','Robb Merchant','Order Processing Dept. 2100 Paul Revere Blvd.','Boston','2134','USA','(617) 555-3267')
Insert Into Proveedores (Proveedor_ID,Nom_Proveedor,Nom_Contacto,Direccion,Ciudad,Cod_Postal,Pais,Telefono) Values(20,'Leka Trading','Chandra Leka','471 Serangoon Loop, Suite #402','Singapore','512','Singapore','555-8787')
Insert Into Proveedores (Proveedor_ID,Nom_Proveedor,Nom_Contacto,Direccion,Ciudad,Cod_Postal,Pais,Telefono) Values(21,'Lyngbysild','Niels Petersen','Lyngbysild Fiskebakken 10','Lyngby','2800','Denmark','438-44108')
Insert Into Proveedores (Proveedor_ID,Nom_Proveedor,Nom_Contacto,Direccion,Ciudad,Cod_Postal,Pais,Telefono) Values(22,'Zaanse Snoepfabriek','Dirk Luchte','Verkoop Rijnweg 22','Zaandam','9999 ZZ','Netherlands','(12345) 1212')
Insert Into Proveedores (Proveedor_ID,Nom_Proveedor,Nom_Contacto,Direccion,Ciudad,Cod_Postal,Pais,Telefono) Values(23,'Karkki Oy','Anne Heikkonen','Valtakatu 12','Lappeenranta','53120','Finland','(953) 10956')
Insert Into Proveedores (Proveedor_ID,Nom_Proveedor,Nom_Contacto,Direccion,Ciudad,Cod_Postal,Pais,Telefono) Values(24,'G''day, Mate','Wendy Mackenzie','170 Prince Edward Parade Hunter''s Hill','Sydney','2042','Australia','(02) 555-5914')
Insert Into Proveedores (Proveedor_ID,Nom_Proveedor,Nom_Contacto,Direccion,Ciudad,Cod_Postal,Pais,Telefono) Values(25,'Ma Maison','Jean-Guy Lauzon','2960 Rue St. Laurent','Montréal','H1J 1C3','Canada','(514) 555-9022')
Insert Into Proveedores (Proveedor_ID,Nom_Proveedor,Nom_Contacto,Direccion,Ciudad,Cod_Postal,Pais,Telefono) Values(26,'Pasta Buttini s.r.l.','Giovanni Giudici','Via dei Gelsomini, 153','Salerno','84100','Italy','(089) 6547665')
Insert Into Proveedores (Proveedor_ID,Nom_Proveedor,Nom_Contacto,Direccion,Ciudad,Cod_Postal,Pais,Telefono) Values(27,'Escargots Nouveaux','Marie Delamare','22, rue H. Voiron','Montceau','71300','France','85.57.00.07')
Insert Into Proveedores (Proveedor_ID,Nom_Proveedor,Nom_Contacto,Direccion,Ciudad,Cod_Postal,Pais,Telefono) Values(28,'Gai pâturage','Eliane Noz','Bat. B 3, rue des Alpes','Annecy','74000','France','38.76.98.06')
Insert Into Proveedores (Proveedor_ID,Nom_Proveedor,Nom_Contacto,Direccion,Ciudad,Cod_Postal,Pais,Telefono) Values(29,'Forêts d''érables','Chantal Goulet','148 rue Chasseur','Ste-Hyacinthe','J2S 7S8','Canada','(514) 555-2955')
GO


/*Tabla de Transportistas*/
Insert Into Transportistas (Transportista_ID,Nom_Transportista,Telefono) Values(1,'Speedy Express','(503) 555-9831')
Insert Into Transportistas (Transportista_ID,Nom_Transportista,Telefono) Values(2,'United Package','(503) 555-3199')
Insert Into Transportistas (Transportista_ID,Nom_Transportista,Telefono) Values(3,'Federal Shipping','(503) 555-9931')
GO


/*Tabla de Empleados*/
Insert Into Empleados (Empleado_ID,Nombre,Apellido,Fec_Nacimiento) Values(1,'Nancy','Davolio','08/12/1968')
Insert Into Empleados (Empleado_ID,Nombre,Apellido,Fec_Nacimiento) Values(2,'Andrew','Fuller','19/02/1952')
Insert Into Empleados (Empleado_ID,Nombre,Apellido,Fec_Nacimiento) Values(3,'Janet','Leverling','30/08/1963')
Insert Into Empleados (Empleado_ID,Nombre,Apellido,Fec_Nacimiento) Values(4,'Margaret','Peacock','19/09/1958')
Insert Into Empleados (Empleado_ID,Nombre,Apellido,Fec_Nacimiento) Values(5,'Steven','Buchanan','04/03/1955')
Insert Into Empleados (Empleado_ID,Nombre,Apellido,Fec_Nacimiento) Values(6,'Michael','Suyama','02/07/1963')
Insert Into Empleados (Empleado_ID,Nombre,Apellido,Fec_Nacimiento) Values(7,'Robert','King','29/05/1960')
Insert Into Empleados (Empleado_ID,Nombre,Apellido,Fec_Nacimiento) Values(8,'Laura','Callahan','09/01/1958')
Insert Into Empleados (Empleado_ID,Nombre,Apellido,Fec_Nacimiento) Values(9,'Anne','Dodsworth','02/07/1969')
Insert Into Empleados (Empleado_ID,Nombre,Apellido,Fec_Nacimiento) Values(10,'Adam','West','19/09/1928')
GO


/*Tabla de Productos*/
Insert Into Productos (Producto_ID,Nom_Producto,Proveedor_ID,Categoria_ID,Unidad,Precio) Values(1,'Chais',1,1,'10 cajas x 20 bolsas','18')
Insert Into Productos (Producto_ID,Nom_Producto,Proveedor_ID,Categoria_ID,Unidad,Precio) Values(2,'Chang',1,1,'24 - 12 oz botellas','19')
Insert Into Productos (Producto_ID,Nom_Producto,Proveedor_ID,Categoria_ID,Unidad,Precio) Values(3,'Aniseed Syrup',1,2,'12 - 550 ml botellas','10')
Insert Into Productos (Producto_ID,Nom_Producto,Proveedor_ID,Categoria_ID,Unidad,Precio) Values(4,'Chef Anton''s Cajun Seasoning',2,2,'48 - 6 oz frascos','22')
Insert Into Productos (Producto_ID,Nom_Producto,Proveedor_ID,Categoria_ID,Unidad,Precio) Values(5,'Chef Anton''s Gumbo Mix',2,2,'36 cajas','21.35')
Insert Into Productos (Producto_ID,Nom_Producto,Proveedor_ID,Categoria_ID,Unidad,Precio) Values(6,'Grandma''s Boysenberry Spread',3,2,'12 - 8 oz frascos','25')
Insert Into Productos (Producto_ID,Nom_Producto,Proveedor_ID,Categoria_ID,Unidad,Precio) Values(7,'Uncle Bob''s Organic Dried Pears',3,7,'12 - 1 lb Pqtes.','30')
Insert Into Productos (Producto_ID,Nom_Producto,Proveedor_ID,Categoria_ID,Unidad,Precio) Values(8,'Northwoods Cranberry Sauce',3,2,'12 - 12 oz frascos','40')
Insert Into Productos (Producto_ID,Nom_Producto,Proveedor_ID,Categoria_ID,Unidad,Precio) Values(9,'Mishi Kobe Niku',4,6,'18 - 500 g Pqtes.','97')
Insert Into Productos (Producto_ID,Nom_Producto,Proveedor_ID,Categoria_ID,Unidad,Precio) Values(10,'Ikura',4,8,'12 - 200 ml frascos','31')
Insert Into Productos (Producto_ID,Nom_Producto,Proveedor_ID,Categoria_ID,Unidad,Precio) Values(11,'Queso Cabrales',5,4,'1 kg paquete.','21')
Insert Into Productos (Producto_ID,Nom_Producto,Proveedor_ID,Categoria_ID,Unidad,Precio) Values(12,'Queso Manchego La Pastora',5,4,'10 - 500 g Pqtes.','38')
Insert Into Productos (Producto_ID,Nom_Producto,Proveedor_ID,Categoria_ID,Unidad,Precio) Values(13,'Konbu',6,8,'2 kg cuadro','6')
Insert Into Productos (Producto_ID,Nom_Producto,Proveedor_ID,Categoria_ID,Unidad,Precio) Values(14,'Tofu',6,7,'40 - 100 g Pqtes.','23.25')
Insert Into Productos (Producto_ID,Nom_Producto,Proveedor_ID,Categoria_ID,Unidad,Precio) Values(15,'Genen Shouyu',6,2,'24 - 250 ml botellas','15.5')
Insert Into Productos (Producto_ID,Nom_Producto,Proveedor_ID,Categoria_ID,Unidad,Precio) Values(16,'Pavlova',7,3,'32 - 500 g cajas','17.45')
Insert Into Productos (Producto_ID,Nom_Producto,Proveedor_ID,Categoria_ID,Unidad,Precio) Values(17,'Alice Mutton',7,6,'20 - 1 kg latas','39')
Insert Into Productos (Producto_ID,Nom_Producto,Proveedor_ID,Categoria_ID,Unidad,Precio) Values(18,'Carnarvon Tigers',7,8,'16 kg paquete.','62.5')
Insert Into Productos (Producto_ID,Nom_Producto,Proveedor_ID,Categoria_ID,Unidad,Precio) Values(19,'Teatime Chocolate Biscuits',8,3,'10 cajas x 12 piezas','9.2')
Insert Into Productos (Producto_ID,Nom_Producto,Proveedor_ID,Categoria_ID,Unidad,Precio) Values(20,'Sir Rodney''s Marmalade',8,3,'30 cajas de regalo','81')
Insert Into Productos (Producto_ID,Nom_Producto,Proveedor_ID,Categoria_ID,Unidad,Precio) Values(21,'Sir Rodney''s Scones',8,3,'24 Pqtes. x 4 piezas','10')
Insert Into Productos (Producto_ID,Nom_Producto,Proveedor_ID,Categoria_ID,Unidad,Precio) Values(22,'Gustaf''s Knäckebröd',9,5,'24 - 500 g Pqtes.','21')
Insert Into Productos (Producto_ID,Nom_Producto,Proveedor_ID,Categoria_ID,Unidad,Precio) Values(23,'Tunnbröd',9,5,'12 - 250 g Pqtes.','9')
Insert Into Productos (Producto_ID,Nom_Producto,Proveedor_ID,Categoria_ID,Unidad,Precio) Values(24,'Guaraná Fantástica',10,1,'12 - 355 ml latas','4.5')
Insert Into Productos (Producto_ID,Nom_Producto,Proveedor_ID,Categoria_ID,Unidad,Precio) Values(25,'NuNuCa Nuß-Nougat-Creme',11,3,'20 - 450 g gafas','14')
Insert Into Productos (Producto_ID,Nom_Producto,Proveedor_ID,Categoria_ID,Unidad,Precio) Values(26,'Gumbär Gummibärchen',11,3,'100 - 250 g de bolsas','31.23')
Insert Into Productos (Producto_ID,Nom_Producto,Proveedor_ID,Categoria_ID,Unidad,Precio) Values(27,'Schoggi Schokolade',11,3,'100 - 100 g piezas','43.9')
Insert Into Productos (Producto_ID,Nom_Producto,Proveedor_ID,Categoria_ID,Unidad,Precio) Values(28,'Rössle Sauerkraut',12,7,'25 - 825 g latas','45.6')
Insert Into Productos (Producto_ID,Nom_Producto,Proveedor_ID,Categoria_ID,Unidad,Precio) Values(29,'Thüringer Rostbratwurst',12,6,'50 bolsas x 30 sausgs.','123.79')
Insert Into Productos (Producto_ID,Nom_Producto,Proveedor_ID,Categoria_ID,Unidad,Precio) Values(30,'Nord-Ost Matjeshering',13,8,'10 - 200 g gafas','25.89')
Insert Into Productos (Producto_ID,Nom_Producto,Proveedor_ID,Categoria_ID,Unidad,Precio) Values(31,'Gorgonzola Telino',14,4,'12 - 100 g Pqtes','12.5')
Insert Into Productos (Producto_ID,Nom_Producto,Proveedor_ID,Categoria_ID,Unidad,Precio) Values(32,'Mascarpone Fabioli',14,4,'24 - 200 g Pqtes.','32')
Insert Into Productos (Producto_ID,Nom_Producto,Proveedor_ID,Categoria_ID,Unidad,Precio) Values(33,'Geitost',15,4,'500 g','2.5')
Insert Into Productos (Producto_ID,Nom_Producto,Proveedor_ID,Categoria_ID,Unidad,Precio) Values(34,'Sasquatch Ale',16,1,'24 - 12 oz botellas','14')
Insert Into Productos (Producto_ID,Nom_Producto,Proveedor_ID,Categoria_ID,Unidad,Precio) Values(35,'Steeleye Stout',16,1,'24 - 12 oz botellas','18')
Insert Into Productos (Producto_ID,Nom_Producto,Proveedor_ID,Categoria_ID,Unidad,Precio) Values(36,'Inlagd Sill',17,8,'24 - 250 g frascos','19')
Insert Into Productos (Producto_ID,Nom_Producto,Proveedor_ID,Categoria_ID,Unidad,Precio) Values(37,'Gravad lax',17,8,'12 - 500 g Pqtes.','26')
Insert Into Productos (Producto_ID,Nom_Producto,Proveedor_ID,Categoria_ID,Unidad,Precio) Values(38,'Côte de Blaye',18,1,'12 - botellas de 75 cl','263.5')
Insert Into Productos (Producto_ID,Nom_Producto,Proveedor_ID,Categoria_ID,Unidad,Precio) Values(39,'Chartreuse verte',18,1,'750 cc por botella','18')
Insert Into Productos (Producto_ID,Nom_Producto,Proveedor_ID,Categoria_ID,Unidad,Precio) Values(40,'Boston Crab Meat',19,8,'24 - 4 latas oz','18.4')
Insert Into Productos (Producto_ID,Nom_Producto,Proveedor_ID,Categoria_ID,Unidad,Precio) Values(41,'Jack''s New England Clam Chowder',19,8,'12 - 12 oz latas','9.65')
Insert Into Productos (Producto_ID,Nom_Producto,Proveedor_ID,Categoria_ID,Unidad,Precio) Values(42,'Singaporean Hokkien Fried Mee',20,5,'32 - 1 kg Pqtes.','14')
Insert Into Productos (Producto_ID,Nom_Producto,Proveedor_ID,Categoria_ID,Unidad,Precio) Values(43,'Ipoh Coffee',20,1,'16 - 500 g latas','46')
Insert Into Productos (Producto_ID,Nom_Producto,Proveedor_ID,Categoria_ID,Unidad,Precio) Values(44,'Gula Malacca',20,2,'20 - 2 bolsas kg','19.45')
Insert Into Productos (Producto_ID,Nom_Producto,Proveedor_ID,Categoria_ID,Unidad,Precio) Values(45,'Røgede sild',21,8,'pkg 1k.','9.5')
Insert Into Productos (Producto_ID,Nom_Producto,Proveedor_ID,Categoria_ID,Unidad,Precio) Values(46,'Spegesild',21,8,'4 - 450 g de gafas','12')
Insert Into Productos (Producto_ID,Nom_Producto,Proveedor_ID,Categoria_ID,Unidad,Precio) Values(47,'Zaanse koeken',22,3,'10 - 4 cajas oz','9.5')
Insert Into Productos (Producto_ID,Nom_Producto,Proveedor_ID,Categoria_ID,Unidad,Precio) Values(48,'Chocolade',22,3,'10 Pqtes.','12.75')
Insert Into Productos (Producto_ID,Nom_Producto,Proveedor_ID,Categoria_ID,Unidad,Precio) Values(49,'Maxilaku',23,3,'24 - 50 g Pqtes.','20')
Insert Into Productos (Producto_ID,Nom_Producto,Proveedor_ID,Categoria_ID,Unidad,Precio) Values(50,'Valkoinen suklaa',23,3,'12 - 100 g bares','16.25')
Insert Into Productos (Producto_ID,Nom_Producto,Proveedor_ID,Categoria_ID,Unidad,Precio) Values(51,'Manjimup Dried Apples',24,7,'50 - 300 g Pqtes.','53')
Insert Into Productos (Producto_ID,Nom_Producto,Proveedor_ID,Categoria_ID,Unidad,Precio) Values(52,'Filo Mix',24,5,'16 - 2 cajas kg','7')
Insert Into Productos (Producto_ID,Nom_Producto,Proveedor_ID,Categoria_ID,Unidad,Precio) Values(53,'Perth Pasties',24,6,'48 piezas','32.8')
Insert Into Productos (Producto_ID,Nom_Producto,Proveedor_ID,Categoria_ID,Unidad,Precio) Values(54,'Tourtière',25,6,'16 empanadas','7.45')
Insert Into Productos (Producto_ID,Nom_Producto,Proveedor_ID,Categoria_ID,Unidad,Precio) Values(55,'Pâté chinois',25,6,'24 cajas x 2 empanadas','24')
Insert Into Productos (Producto_ID,Nom_Producto,Proveedor_ID,Categoria_ID,Unidad,Precio) Values(56,'Gnocchi di nonna Alice',26,5,'24 - 250 g Pqtes.','38')
Insert Into Productos (Producto_ID,Nom_Producto,Proveedor_ID,Categoria_ID,Unidad,Precio) Values(57,'Ravioli Angelo',26,5,'24 - 250 g Pqtes.','19.5')
Insert Into Productos (Producto_ID,Nom_Producto,Proveedor_ID,Categoria_ID,Unidad,Precio) Values(58,'Escargots de Bourgogne',27,8,'24 piezas','13.25')
Insert Into Productos (Producto_ID,Nom_Producto,Proveedor_ID,Categoria_ID,Unidad,Precio) Values(59,'Raclette Courdavault',28,4,'5 kg paquete.','55')
Insert Into Productos (Producto_ID,Nom_Producto,Proveedor_ID,Categoria_ID,Unidad,Precio) Values(60,'Camembert Pierrot',28,4,'15 - 300 g rondas','34')
Insert Into Productos (Producto_ID,Nom_Producto,Proveedor_ID,Categoria_ID,Unidad,Precio) Values(61,'Sirop d''érable',29,2,'24 - 500 ml botellas','28.5')
Insert Into Productos (Producto_ID,Nom_Producto,Proveedor_ID,Categoria_ID,Unidad,Precio) Values(62,'Tarte au sucre',29,3,'48 empanadas','49.3')
Insert Into Productos (Producto_ID,Nom_Producto,Proveedor_ID,Categoria_ID,Unidad,Precio) Values(63,'Vegie-spread',7,2,'15 - 625 g frascos','43.9')
Insert Into Productos (Producto_ID,Nom_Producto,Proveedor_ID,Categoria_ID,Unidad,Precio) Values(64,'Wimmers gute Semmelknödel',12,5,'20 bolsas x 4 pedazos','33.25')
Insert Into Productos (Producto_ID,Nom_Producto,Proveedor_ID,Categoria_ID,Unidad,Precio) Values(65,'Louisiana Fiery Hot Pepper Sauce',2,2,'32 - 8 oz botellas','21.05')
Insert Into Productos (Producto_ID,Nom_Producto,Proveedor_ID,Categoria_ID,Unidad,Precio) Values(66,'Louisiana Hot Spiced Okra',2,2,'24 - 8 oz frascos','17')
Insert Into Productos (Producto_ID,Nom_Producto,Proveedor_ID,Categoria_ID,Unidad,Precio) Values(67,'Laughing Lumberjack Lager',16,1,'24 - 12 oz botellas','14')
Insert Into Productos (Producto_ID,Nom_Producto,Proveedor_ID,Categoria_ID,Unidad,Precio) Values(68,'Scottish Longbreads',8,3,'10 cajas x 8 piezas','12.5')
Insert Into Productos (Producto_ID,Nom_Producto,Proveedor_ID,Categoria_ID,Unidad,Precio) Values(69,'Gudbrandsdalsost',15,4,'10 kg paquete.','36')
Insert Into Productos (Producto_ID,Nom_Producto,Proveedor_ID,Categoria_ID,Unidad,Precio) Values(70,'Outback Lager',7,1,'24 - 355 ml botellas','15')
Insert Into Productos (Producto_ID,Nom_Producto,Proveedor_ID,Categoria_ID,Unidad,Precio) Values(71,'Fløtemysost',15,4,'10 - 500 g Pqtes.','21.5')
Insert Into Productos (Producto_ID,Nom_Producto,Proveedor_ID,Categoria_ID,Unidad,Precio) Values(72,'Mozzarella di Giovanni',14,4,'24 - 200 g Pqtes.','34.8')
Insert Into Productos (Producto_ID,Nom_Producto,Proveedor_ID,Categoria_ID,Unidad,Precio) Values(73,'Röd Kaviar',17,8,'24 - 150 g frascos','15')
Insert Into Productos (Producto_ID,Nom_Producto,Proveedor_ID,Categoria_ID,Unidad,Precio) Values(74,'Longlife Tofu',4,7,'5 kg paquete.','10')
Insert Into Productos (Producto_ID,Nom_Producto,Proveedor_ID,Categoria_ID,Unidad,Precio) Values(75,'Rhönbräu Klosterbier',12,1,'24 - 0,5 litros botellas','7.75')
Insert Into Productos (Producto_ID,Nom_Producto,Proveedor_ID,Categoria_ID,Unidad,Precio) Values(76,'Lakkalikööri',23,1,'500 ml','18')
Insert Into Productos (Producto_ID,Nom_Producto,Proveedor_ID,Categoria_ID,Unidad,Precio) Values(77,'Original Frankfurter grüne Soße',12,2,'12 cajas','13')
GO

/*Tabla de Ordenes*/
Insert Into Ordenes (Orden_ID,Cliente_ID,Empleado_ID,Fec_Orden,Transportista_ID) Values(10248,90,5,'04/07/1996',3)
Insert Into Ordenes (Orden_ID,Cliente_ID,Empleado_ID,Fec_Orden,Transportista_ID) Values(10249,81,6,'05/07/1996',1)
Insert Into Ordenes (Orden_ID,Cliente_ID,Empleado_ID,Fec_Orden,Transportista_ID) Values(10250,34,4,'08/07/1996',2)
Insert Into Ordenes (Orden_ID,Cliente_ID,Empleado_ID,Fec_Orden,Transportista_ID) Values(10251,84,3,'08/07/1996',1)
Insert Into Ordenes (Orden_ID,Cliente_ID,Empleado_ID,Fec_Orden,Transportista_ID) Values(10252,76,4,'09/07/1996',2)
Insert Into Ordenes (Orden_ID,Cliente_ID,Empleado_ID,Fec_Orden,Transportista_ID) Values(10253,34,3,'10/07/1996',2)
Insert Into Ordenes (Orden_ID,Cliente_ID,Empleado_ID,Fec_Orden,Transportista_ID) Values(10254,14,5,'11/07/1996',2)
Insert Into Ordenes (Orden_ID,Cliente_ID,Empleado_ID,Fec_Orden,Transportista_ID) Values(10255,68,9,'12/07/1996',3)
Insert Into Ordenes (Orden_ID,Cliente_ID,Empleado_ID,Fec_Orden,Transportista_ID) Values(10256,88,3,'15/07/1996',2)
Insert Into Ordenes (Orden_ID,Cliente_ID,Empleado_ID,Fec_Orden,Transportista_ID) Values(10257,35,4,'16/07/1996',3)
Insert Into Ordenes (Orden_ID,Cliente_ID,Empleado_ID,Fec_Orden,Transportista_ID) Values(10258,20,1,'17/07/1996',1)
Insert Into Ordenes (Orden_ID,Cliente_ID,Empleado_ID,Fec_Orden,Transportista_ID) Values(10259,13,4,'18/07/1996',3)
Insert Into Ordenes (Orden_ID,Cliente_ID,Empleado_ID,Fec_Orden,Transportista_ID) Values(10260,55,4,'19/07/1996',1)
Insert Into Ordenes (Orden_ID,Cliente_ID,Empleado_ID,Fec_Orden,Transportista_ID) Values(10261,61,4,'19/07/1996',2)
Insert Into Ordenes (Orden_ID,Cliente_ID,Empleado_ID,Fec_Orden,Transportista_ID) Values(10262,65,8,'22/07/1996',3)
Insert Into Ordenes (Orden_ID,Cliente_ID,Empleado_ID,Fec_Orden,Transportista_ID) Values(10263,20,9,'23/07/1996',3)
Insert Into Ordenes (Orden_ID,Cliente_ID,Empleado_ID,Fec_Orden,Transportista_ID) Values(10264,24,6,'24/07/1996',3)
Insert Into Ordenes (Orden_ID,Cliente_ID,Empleado_ID,Fec_Orden,Transportista_ID) Values(10265,7,2,'25/07/1996',1)
Insert Into Ordenes (Orden_ID,Cliente_ID,Empleado_ID,Fec_Orden,Transportista_ID) Values(10266,87,3,'26/07/1996',3)
Insert Into Ordenes (Orden_ID,Cliente_ID,Empleado_ID,Fec_Orden,Transportista_ID) Values(10267,25,4,'29/07/1996',1)
Insert Into Ordenes (Orden_ID,Cliente_ID,Empleado_ID,Fec_Orden,Transportista_ID) Values(10268,33,8,'30/07/1996',3)
Insert Into Ordenes (Orden_ID,Cliente_ID,Empleado_ID,Fec_Orden,Transportista_ID) Values(10269,89,5,'31/07/1996',1)
Insert Into Ordenes (Orden_ID,Cliente_ID,Empleado_ID,Fec_Orden,Transportista_ID) Values(10270,87,1,'01/08/1996',1)
Insert Into Ordenes (Orden_ID,Cliente_ID,Empleado_ID,Fec_Orden,Transportista_ID) Values(10271,75,6,'01/08/1996',2)
Insert Into Ordenes (Orden_ID,Cliente_ID,Empleado_ID,Fec_Orden,Transportista_ID) Values(10272,65,6,'02/08/1996',2)
Insert Into Ordenes (Orden_ID,Cliente_ID,Empleado_ID,Fec_Orden,Transportista_ID) Values(10273,63,3,'05/08/1996',3)
Insert Into Ordenes (Orden_ID,Cliente_ID,Empleado_ID,Fec_Orden,Transportista_ID) Values(10274,85,6,'06/08/1996',1)
Insert Into Ordenes (Orden_ID,Cliente_ID,Empleado_ID,Fec_Orden,Transportista_ID) Values(10275,49,1,'07/08/1996',1)
Insert Into Ordenes (Orden_ID,Cliente_ID,Empleado_ID,Fec_Orden,Transportista_ID) Values(10276,80,8,'08/08/1996',3)
Insert Into Ordenes (Orden_ID,Cliente_ID,Empleado_ID,Fec_Orden,Transportista_ID) Values(10277,52,2,'09/08/1996',3)
Insert Into Ordenes (Orden_ID,Cliente_ID,Empleado_ID,Fec_Orden,Transportista_ID) Values(10278,5,8,'12/08/1996',2)
Insert Into Ordenes (Orden_ID,Cliente_ID,Empleado_ID,Fec_Orden,Transportista_ID) Values(10279,44,8,'13/08/1996',2)
Insert Into Ordenes (Orden_ID,Cliente_ID,Empleado_ID,Fec_Orden,Transportista_ID) Values(10280,5,2,'14/08/1996',1)
Insert Into Ordenes (Orden_ID,Cliente_ID,Empleado_ID,Fec_Orden,Transportista_ID) Values(10281,69,4,'14/08/1996',1)
Insert Into Ordenes (Orden_ID,Cliente_ID,Empleado_ID,Fec_Orden,Transportista_ID) Values(10282,69,4,'15/08/1996',1)
Insert Into Ordenes (Orden_ID,Cliente_ID,Empleado_ID,Fec_Orden,Transportista_ID) Values(10283,46,3,'16/08/1996',3)
Insert Into Ordenes (Orden_ID,Cliente_ID,Empleado_ID,Fec_Orden,Transportista_ID) Values(10284,44,4,'19/08/1996',1)
Insert Into Ordenes (Orden_ID,Cliente_ID,Empleado_ID,Fec_Orden,Transportista_ID) Values(10285,63,1,'20/08/1996',2)
Insert Into Ordenes (Orden_ID,Cliente_ID,Empleado_ID,Fec_Orden,Transportista_ID) Values(10286,63,8,'21/08/1996',3)
Insert Into Ordenes (Orden_ID,Cliente_ID,Empleado_ID,Fec_Orden,Transportista_ID) Values(10287,67,8,'22/08/1996',3)
Insert Into Ordenes (Orden_ID,Cliente_ID,Empleado_ID,Fec_Orden,Transportista_ID) Values(10288,66,4,'23/08/1996',1)
Insert Into Ordenes (Orden_ID,Cliente_ID,Empleado_ID,Fec_Orden,Transportista_ID) Values(10289,11,7,'26/08/1996',3)
Insert Into Ordenes (Orden_ID,Cliente_ID,Empleado_ID,Fec_Orden,Transportista_ID) Values(10290,15,8,'27/08/1996',1)
Insert Into Ordenes (Orden_ID,Cliente_ID,Empleado_ID,Fec_Orden,Transportista_ID) Values(10291,61,6,'27/08/1996',2)
Insert Into Ordenes (Orden_ID,Cliente_ID,Empleado_ID,Fec_Orden,Transportista_ID) Values(10292,81,1,'28/08/1996',2)
Insert Into Ordenes (Orden_ID,Cliente_ID,Empleado_ID,Fec_Orden,Transportista_ID) Values(10293,80,1,'29/08/1996',3)
Insert Into Ordenes (Orden_ID,Cliente_ID,Empleado_ID,Fec_Orden,Transportista_ID) Values(10294,65,4,'30/08/1996',2)
Insert Into Ordenes (Orden_ID,Cliente_ID,Empleado_ID,Fec_Orden,Transportista_ID) Values(10295,85,2,'02/09/1996',2)
Insert Into Ordenes (Orden_ID,Cliente_ID,Empleado_ID,Fec_Orden,Transportista_ID) Values(10296,46,6,'03/09/1996',1)
Insert Into Ordenes (Orden_ID,Cliente_ID,Empleado_ID,Fec_Orden,Transportista_ID) Values(10297,7,5,'04/09/1996',2)
Insert Into Ordenes (Orden_ID,Cliente_ID,Empleado_ID,Fec_Orden,Transportista_ID) Values(10298,37,6,'05/09/1996',2)
Insert Into Ordenes (Orden_ID,Cliente_ID,Empleado_ID,Fec_Orden,Transportista_ID) Values(10299,67,4,'06/09/1996',2)
Insert Into Ordenes (Orden_ID,Cliente_ID,Empleado_ID,Fec_Orden,Transportista_ID) Values(10300,49,2,'09/09/1996',2)
Insert Into Ordenes (Orden_ID,Cliente_ID,Empleado_ID,Fec_Orden,Transportista_ID) Values(10301,86,8,'09/09/1996',2)
Insert Into Ordenes (Orden_ID,Cliente_ID,Empleado_ID,Fec_Orden,Transportista_ID) Values(10302,76,4,'10/09/1996',2)
Insert Into Ordenes (Orden_ID,Cliente_ID,Empleado_ID,Fec_Orden,Transportista_ID) Values(10303,30,7,'11/09/1996',2)
Insert Into Ordenes (Orden_ID,Cliente_ID,Empleado_ID,Fec_Orden,Transportista_ID) Values(10304,80,1,'12/09/1996',2)
Insert Into Ordenes (Orden_ID,Cliente_ID,Empleado_ID,Fec_Orden,Transportista_ID) Values(10305,55,8,'13/09/1996',3)
Insert Into Ordenes (Orden_ID,Cliente_ID,Empleado_ID,Fec_Orden,Transportista_ID) Values(10306,69,1,'16/09/1996',3)
Insert Into Ordenes (Orden_ID,Cliente_ID,Empleado_ID,Fec_Orden,Transportista_ID) Values(10307,48,2,'17/09/1996',2)
Insert Into Ordenes (Orden_ID,Cliente_ID,Empleado_ID,Fec_Orden,Transportista_ID) Values(10308,2,7,'18/09/1996',3)
Insert Into Ordenes (Orden_ID,Cliente_ID,Empleado_ID,Fec_Orden,Transportista_ID) Values(10309,37,3,'19/09/1996',1)
Insert Into Ordenes (Orden_ID,Cliente_ID,Empleado_ID,Fec_Orden,Transportista_ID) Values(10310,77,8,'20/09/1996',2)
Insert Into Ordenes (Orden_ID,Cliente_ID,Empleado_ID,Fec_Orden,Transportista_ID) Values(10311,18,1,'20/09/1996',3)
Insert Into Ordenes (Orden_ID,Cliente_ID,Empleado_ID,Fec_Orden,Transportista_ID) Values(10312,86,2,'23/09/1996',2)
Insert Into Ordenes (Orden_ID,Cliente_ID,Empleado_ID,Fec_Orden,Transportista_ID) Values(10313,63,2,'24/09/1996',2)
Insert Into Ordenes (Orden_ID,Cliente_ID,Empleado_ID,Fec_Orden,Transportista_ID) Values(10314,65,1,'25/09/1996',2)
Insert Into Ordenes (Orden_ID,Cliente_ID,Empleado_ID,Fec_Orden,Transportista_ID) Values(10315,38,4,'26/09/1996',2)
Insert Into Ordenes (Orden_ID,Cliente_ID,Empleado_ID,Fec_Orden,Transportista_ID) Values(10316,65,1,'27/09/1996',3)
Insert Into Ordenes (Orden_ID,Cliente_ID,Empleado_ID,Fec_Orden,Transportista_ID) Values(10317,48,6,'30/09/1996',1)
Insert Into Ordenes (Orden_ID,Cliente_ID,Empleado_ID,Fec_Orden,Transportista_ID) Values(10318,38,8,'01/10/1996',2)
Insert Into Ordenes (Orden_ID,Cliente_ID,Empleado_ID,Fec_Orden,Transportista_ID) Values(10319,80,7,'02/10/1996',3)
Insert Into Ordenes (Orden_ID,Cliente_ID,Empleado_ID,Fec_Orden,Transportista_ID) Values(10320,87,5,'03/10/1996',3)
Insert Into Ordenes (Orden_ID,Cliente_ID,Empleado_ID,Fec_Orden,Transportista_ID) Values(10321,38,3,'03/10/1996',2)
Insert Into Ordenes (Orden_ID,Cliente_ID,Empleado_ID,Fec_Orden,Transportista_ID) Values(10322,58,7,'04/10/1996',3)
Insert Into Ordenes (Orden_ID,Cliente_ID,Empleado_ID,Fec_Orden,Transportista_ID) Values(10323,39,4,'07/10/1996',1)
Insert Into Ordenes (Orden_ID,Cliente_ID,Empleado_ID,Fec_Orden,Transportista_ID) Values(10324,71,9,'08/10/1996',1)
Insert Into Ordenes (Orden_ID,Cliente_ID,Empleado_ID,Fec_Orden,Transportista_ID) Values(10325,39,1,'09/10/1996',3)
Insert Into Ordenes (Orden_ID,Cliente_ID,Empleado_ID,Fec_Orden,Transportista_ID) Values(10326,8,4,'10/10/1996',2)
Insert Into Ordenes (Orden_ID,Cliente_ID,Empleado_ID,Fec_Orden,Transportista_ID) Values(10327,24,2,'11/10/1996',1)
Insert Into Ordenes (Orden_ID,Cliente_ID,Empleado_ID,Fec_Orden,Transportista_ID) Values(10328,28,4,'14/10/1996',3)
Insert Into Ordenes (Orden_ID,Cliente_ID,Empleado_ID,Fec_Orden,Transportista_ID) Values(10329,75,4,'15/10/1996',2)
Insert Into Ordenes (Orden_ID,Cliente_ID,Empleado_ID,Fec_Orden,Transportista_ID) Values(10330,46,3,'16/10/1996',1)
Insert Into Ordenes (Orden_ID,Cliente_ID,Empleado_ID,Fec_Orden,Transportista_ID) Values(10331,9,9,'16/10/1996',1)
Insert Into Ordenes (Orden_ID,Cliente_ID,Empleado_ID,Fec_Orden,Transportista_ID) Values(10332,51,3,'17/10/1996',2)
Insert Into Ordenes (Orden_ID,Cliente_ID,Empleado_ID,Fec_Orden,Transportista_ID) Values(10333,87,5,'18/10/1996',3)
Insert Into Ordenes (Orden_ID,Cliente_ID,Empleado_ID,Fec_Orden,Transportista_ID) Values(10334,84,8,'21/10/1996',2)
Insert Into Ordenes (Orden_ID,Cliente_ID,Empleado_ID,Fec_Orden,Transportista_ID) Values(10335,37,7,'22/10/1996',2)
Insert Into Ordenes (Orden_ID,Cliente_ID,Empleado_ID,Fec_Orden,Transportista_ID) Values(10336,60,7,'23/10/1996',2)
Insert Into Ordenes (Orden_ID,Cliente_ID,Empleado_ID,Fec_Orden,Transportista_ID) Values(10337,25,4,'24/10/1996',3)
Insert Into Ordenes (Orden_ID,Cliente_ID,Empleado_ID,Fec_Orden,Transportista_ID) Values(10338,55,4,'25/10/1996',3)
Insert Into Ordenes (Orden_ID,Cliente_ID,Empleado_ID,Fec_Orden,Transportista_ID) Values(10339,51,2,'28/10/1996',2)
Insert Into Ordenes (Orden_ID,Cliente_ID,Empleado_ID,Fec_Orden,Transportista_ID) Values(10340,9,1,'29/10/1996',3)
Insert Into Ordenes (Orden_ID,Cliente_ID,Empleado_ID,Fec_Orden,Transportista_ID) Values(10341,73,7,'29/10/1996',3)
Insert Into Ordenes (Orden_ID,Cliente_ID,Empleado_ID,Fec_Orden,Transportista_ID) Values(10342,25,4,'30/10/1996',2)
Insert Into Ordenes (Orden_ID,Cliente_ID,Empleado_ID,Fec_Orden,Transportista_ID) Values(10343,44,4,'31/10/1996',1)
Insert Into Ordenes (Orden_ID,Cliente_ID,Empleado_ID,Fec_Orden,Transportista_ID) Values(10344,89,4,'01/11/1996',2)
Insert Into Ordenes (Orden_ID,Cliente_ID,Empleado_ID,Fec_Orden,Transportista_ID) Values(10345,63,2,'04/11/1996',2)
Insert Into Ordenes (Orden_ID,Cliente_ID,Empleado_ID,Fec_Orden,Transportista_ID) Values(10346,65,3,'05/11/1996',3)
Insert Into Ordenes (Orden_ID,Cliente_ID,Empleado_ID,Fec_Orden,Transportista_ID) Values(10347,21,4,'06/11/1996',3)
Insert Into Ordenes (Orden_ID,Cliente_ID,Empleado_ID,Fec_Orden,Transportista_ID) Values(10348,86,4,'07/11/1996',2)
Insert Into Ordenes (Orden_ID,Cliente_ID,Empleado_ID,Fec_Orden,Transportista_ID) Values(10349,75,7,'08/11/1996',1)
Insert Into Ordenes (Orden_ID,Cliente_ID,Empleado_ID,Fec_Orden,Transportista_ID) Values(10350,41,6,'11/11/1996',2)
Insert Into Ordenes (Orden_ID,Cliente_ID,Empleado_ID,Fec_Orden,Transportista_ID) Values(10351,20,1,'11/11/1996',1)
Insert Into Ordenes (Orden_ID,Cliente_ID,Empleado_ID,Fec_Orden,Transportista_ID) Values(10352,28,3,'12/11/1996',3)
Insert Into Ordenes (Orden_ID,Cliente_ID,Empleado_ID,Fec_Orden,Transportista_ID) Values(10353,59,7,'13/11/1996',3)
Insert Into Ordenes (Orden_ID,Cliente_ID,Empleado_ID,Fec_Orden,Transportista_ID) Values(10354,58,8,'14/11/1996',3)
Insert Into Ordenes (Orden_ID,Cliente_ID,Empleado_ID,Fec_Orden,Transportista_ID) Values(10355,4,6,'15/11/1996',1)
Insert Into Ordenes (Orden_ID,Cliente_ID,Empleado_ID,Fec_Orden,Transportista_ID) Values(10356,86,6,'18/11/1996',2)
Insert Into Ordenes (Orden_ID,Cliente_ID,Empleado_ID,Fec_Orden,Transportista_ID) Values(10357,46,1,'19/11/1996',3)
Insert Into Ordenes (Orden_ID,Cliente_ID,Empleado_ID,Fec_Orden,Transportista_ID) Values(10358,41,5,'20/11/1996',1)
Insert Into Ordenes (Orden_ID,Cliente_ID,Empleado_ID,Fec_Orden,Transportista_ID) Values(10359,72,5,'21/11/1996',3)
Insert Into Ordenes (Orden_ID,Cliente_ID,Empleado_ID,Fec_Orden,Transportista_ID) Values(10360,7,4,'22/11/1996',3)
Insert Into Ordenes (Orden_ID,Cliente_ID,Empleado_ID,Fec_Orden,Transportista_ID) Values(10361,63,1,'22/11/1996',2)
Insert Into Ordenes (Orden_ID,Cliente_ID,Empleado_ID,Fec_Orden,Transportista_ID) Values(10362,9,3,'25/11/1996',1)
Insert Into Ordenes (Orden_ID,Cliente_ID,Empleado_ID,Fec_Orden,Transportista_ID) Values(10363,17,4,'26/11/1996',3)
Insert Into Ordenes (Orden_ID,Cliente_ID,Empleado_ID,Fec_Orden,Transportista_ID) Values(10364,19,1,'26/11/1996',1)
Insert Into Ordenes (Orden_ID,Cliente_ID,Empleado_ID,Fec_Orden,Transportista_ID) Values(10365,3,3,'27/11/1996',2)
Insert Into Ordenes (Orden_ID,Cliente_ID,Empleado_ID,Fec_Orden,Transportista_ID) Values(10366,29,8,'28/11/1996',2)
Insert Into Ordenes (Orden_ID,Cliente_ID,Empleado_ID,Fec_Orden,Transportista_ID) Values(10367,83,7,'28/11/1996',3)
Insert Into Ordenes (Orden_ID,Cliente_ID,Empleado_ID,Fec_Orden,Transportista_ID) Values(10368,20,2,'29/11/1996',2)
Insert Into Ordenes (Orden_ID,Cliente_ID,Empleado_ID,Fec_Orden,Transportista_ID) Values(10369,75,8,'02/12/1996',2)
Insert Into Ordenes (Orden_ID,Cliente_ID,Empleado_ID,Fec_Orden,Transportista_ID) Values(10370,14,6,'03/12/1996',2)
Insert Into Ordenes (Orden_ID,Cliente_ID,Empleado_ID,Fec_Orden,Transportista_ID) Values(10371,41,1,'03/12/1996',1)
Insert Into Ordenes (Orden_ID,Cliente_ID,Empleado_ID,Fec_Orden,Transportista_ID) Values(10372,62,5,'04/12/1996',2)
Insert Into Ordenes (Orden_ID,Cliente_ID,Empleado_ID,Fec_Orden,Transportista_ID) Values(10373,37,4,'05/12/1996',3)
Insert Into Ordenes (Orden_ID,Cliente_ID,Empleado_ID,Fec_Orden,Transportista_ID) Values(10374,91,1,'05/12/1996',3)
Insert Into Ordenes (Orden_ID,Cliente_ID,Empleado_ID,Fec_Orden,Transportista_ID) Values(10375,36,3,'06/12/1996',2)
Insert Into Ordenes (Orden_ID,Cliente_ID,Empleado_ID,Fec_Orden,Transportista_ID) Values(10376,51,1,'09/12/1996',2)
Insert Into Ordenes (Orden_ID,Cliente_ID,Empleado_ID,Fec_Orden,Transportista_ID) Values(10377,72,1,'09/12/1996',3)
Insert Into Ordenes (Orden_ID,Cliente_ID,Empleado_ID,Fec_Orden,Transportista_ID) Values(10378,24,5,'10/12/1996',3)
Insert Into Ordenes (Orden_ID,Cliente_ID,Empleado_ID,Fec_Orden,Transportista_ID) Values(10379,61,2,'11/12/1996',1)
Insert Into Ordenes (Orden_ID,Cliente_ID,Empleado_ID,Fec_Orden,Transportista_ID) Values(10380,37,8,'12/12/1996',3)
Insert Into Ordenes (Orden_ID,Cliente_ID,Empleado_ID,Fec_Orden,Transportista_ID) Values(10381,46,3,'12/12/1996',3)
Insert Into Ordenes (Orden_ID,Cliente_ID,Empleado_ID,Fec_Orden,Transportista_ID) Values(10382,20,4,'13/12/1996',1)
Insert Into Ordenes (Orden_ID,Cliente_ID,Empleado_ID,Fec_Orden,Transportista_ID) Values(10383,4,8,'16/12/1996',3)
Insert Into Ordenes (Orden_ID,Cliente_ID,Empleado_ID,Fec_Orden,Transportista_ID) Values(10384,5,3,'16/12/1996',3)
Insert Into Ordenes (Orden_ID,Cliente_ID,Empleado_ID,Fec_Orden,Transportista_ID) Values(10385,75,1,'17/12/1996',2)
Insert Into Ordenes (Orden_ID,Cliente_ID,Empleado_ID,Fec_Orden,Transportista_ID) Values(10386,21,9,'18/12/1996',3)
Insert Into Ordenes (Orden_ID,Cliente_ID,Empleado_ID,Fec_Orden,Transportista_ID) Values(10387,70,1,'18/12/1996',2)
Insert Into Ordenes (Orden_ID,Cliente_ID,Empleado_ID,Fec_Orden,Transportista_ID) Values(10388,72,2,'19/12/1996',1)
Insert Into Ordenes (Orden_ID,Cliente_ID,Empleado_ID,Fec_Orden,Transportista_ID) Values(10389,10,4,'20/12/1996',2)
Insert Into Ordenes (Orden_ID,Cliente_ID,Empleado_ID,Fec_Orden,Transportista_ID) Values(10390,20,6,'23/12/1996',1)
Insert Into Ordenes (Orden_ID,Cliente_ID,Empleado_ID,Fec_Orden,Transportista_ID) Values(10391,17,3,'23/12/1996',3)
Insert Into Ordenes (Orden_ID,Cliente_ID,Empleado_ID,Fec_Orden,Transportista_ID) Values(10392,59,2,'24/12/1996',3)
Insert Into Ordenes (Orden_ID,Cliente_ID,Empleado_ID,Fec_Orden,Transportista_ID) Values(10393,71,1,'25/12/1996',3)
Insert Into Ordenes (Orden_ID,Cliente_ID,Empleado_ID,Fec_Orden,Transportista_ID) Values(10394,36,1,'25/12/1996',3)
Insert Into Ordenes (Orden_ID,Cliente_ID,Empleado_ID,Fec_Orden,Transportista_ID) Values(10395,35,6,'26/12/1996',1)
Insert Into Ordenes (Orden_ID,Cliente_ID,Empleado_ID,Fec_Orden,Transportista_ID) Values(10396,25,1,'27/12/1996',3)
Insert Into Ordenes (Orden_ID,Cliente_ID,Empleado_ID,Fec_Orden,Transportista_ID) Values(10397,60,5,'27/12/1996',1)
Insert Into Ordenes (Orden_ID,Cliente_ID,Empleado_ID,Fec_Orden,Transportista_ID) Values(10398,71,2,'30/12/1996',3)
Insert Into Ordenes (Orden_ID,Cliente_ID,Empleado_ID,Fec_Orden,Transportista_ID) Values(10399,83,8,'31/12/1996',3)
Insert Into Ordenes (Orden_ID,Cliente_ID,Empleado_ID,Fec_Orden,Transportista_ID) Values(10400,19,1,'01/01/1997',3)
Insert Into Ordenes (Orden_ID,Cliente_ID,Empleado_ID,Fec_Orden,Transportista_ID) Values(10401,65,1,'01/01/1997',1)
Insert Into Ordenes (Orden_ID,Cliente_ID,Empleado_ID,Fec_Orden,Transportista_ID) Values(10402,20,8,'02/01/1997',2)
Insert Into Ordenes (Orden_ID,Cliente_ID,Empleado_ID,Fec_Orden,Transportista_ID) Values(10403,20,4,'03/01/1997',3)
Insert Into Ordenes (Orden_ID,Cliente_ID,Empleado_ID,Fec_Orden,Transportista_ID) Values(10404,49,2,'03/01/1997',1)
Insert Into Ordenes (Orden_ID,Cliente_ID,Empleado_ID,Fec_Orden,Transportista_ID) Values(10405,47,1,'06/01/1997',1)
Insert Into Ordenes (Orden_ID,Cliente_ID,Empleado_ID,Fec_Orden,Transportista_ID) Values(10406,62,7,'07/01/1997',1)
Insert Into Ordenes (Orden_ID,Cliente_ID,Empleado_ID,Fec_Orden,Transportista_ID) Values(10407,56,2,'07/01/1997',2)
Insert Into Ordenes (Orden_ID,Cliente_ID,Empleado_ID,Fec_Orden,Transportista_ID) Values(10408,23,8,'08/01/1997',1)
Insert Into Ordenes (Orden_ID,Cliente_ID,Empleado_ID,Fec_Orden,Transportista_ID) Values(10409,54,3,'09/01/1997',1)
Insert Into Ordenes (Orden_ID,Cliente_ID,Empleado_ID,Fec_Orden,Transportista_ID) Values(10410,10,3,'10/01/1997',3)
Insert Into Ordenes (Orden_ID,Cliente_ID,Empleado_ID,Fec_Orden,Transportista_ID) Values(10411,10,9,'10/01/1997',3)
Insert Into Ordenes (Orden_ID,Cliente_ID,Empleado_ID,Fec_Orden,Transportista_ID) Values(10412,87,8,'13/01/1997',2)
Insert Into Ordenes (Orden_ID,Cliente_ID,Empleado_ID,Fec_Orden,Transportista_ID) Values(10413,41,3,'14/01/1997',2)
Insert Into Ordenes (Orden_ID,Cliente_ID,Empleado_ID,Fec_Orden,Transportista_ID) Values(10414,21,2,'14/01/1997',3)
Insert Into Ordenes (Orden_ID,Cliente_ID,Empleado_ID,Fec_Orden,Transportista_ID) Values(10415,36,3,'15/01/1997',1)
Insert Into Ordenes (Orden_ID,Cliente_ID,Empleado_ID,Fec_Orden,Transportista_ID) Values(10416,87,8,'16/01/1997',3)
Insert Into Ordenes (Orden_ID,Cliente_ID,Empleado_ID,Fec_Orden,Transportista_ID) Values(10417,73,4,'16/01/1997',3)
Insert Into Ordenes (Orden_ID,Cliente_ID,Empleado_ID,Fec_Orden,Transportista_ID) Values(10418,63,4,'17/01/1997',1)
Insert Into Ordenes (Orden_ID,Cliente_ID,Empleado_ID,Fec_Orden,Transportista_ID) Values(10419,68,4,'20/01/1997',2)
Insert Into Ordenes (Orden_ID,Cliente_ID,Empleado_ID,Fec_Orden,Transportista_ID) Values(10420,88,3,'21/01/1997',1)
Insert Into Ordenes (Orden_ID,Cliente_ID,Empleado_ID,Fec_Orden,Transportista_ID) Values(10421,61,8,'21/01/1997',1)
Insert Into Ordenes (Orden_ID,Cliente_ID,Empleado_ID,Fec_Orden,Transportista_ID) Values(10422,27,2,'22/01/1997',1)
Insert Into Ordenes (Orden_ID,Cliente_ID,Empleado_ID,Fec_Orden,Transportista_ID) Values(10423,31,6,'23/01/1997',3)
Insert Into Ordenes (Orden_ID,Cliente_ID,Empleado_ID,Fec_Orden,Transportista_ID) Values(10424,51,7,'23/01/1997',2)
Insert Into Ordenes (Orden_ID,Cliente_ID,Empleado_ID,Fec_Orden,Transportista_ID) Values(10425,41,6,'24/01/1997',2)
Insert Into Ordenes (Orden_ID,Cliente_ID,Empleado_ID,Fec_Orden,Transportista_ID) Values(10426,29,4,'27/01/1997',1)
Insert Into Ordenes (Orden_ID,Cliente_ID,Empleado_ID,Fec_Orden,Transportista_ID) Values(10427,59,4,'27/01/1997',2)
Insert Into Ordenes (Orden_ID,Cliente_ID,Empleado_ID,Fec_Orden,Transportista_ID) Values(10428,66,7,'28/01/1997',1)
Insert Into Ordenes (Orden_ID,Cliente_ID,Empleado_ID,Fec_Orden,Transportista_ID) Values(10429,37,3,'29/01/1997',2)
Insert Into Ordenes (Orden_ID,Cliente_ID,Empleado_ID,Fec_Orden,Transportista_ID) Values(10430,20,4,'30/01/1997',1)
Insert Into Ordenes (Orden_ID,Cliente_ID,Empleado_ID,Fec_Orden,Transportista_ID) Values(10431,10,4,'30/01/1997',2)
Insert Into Ordenes (Orden_ID,Cliente_ID,Empleado_ID,Fec_Orden,Transportista_ID) Values(10432,75,3,'31/01/1997',2)
Insert Into Ordenes (Orden_ID,Cliente_ID,Empleado_ID,Fec_Orden,Transportista_ID) Values(10433,60,3,'03/02/1997',3)
Insert Into Ordenes (Orden_ID,Cliente_ID,Empleado_ID,Fec_Orden,Transportista_ID) Values(10434,24,3,'03/02/1997',2)
Insert Into Ordenes (Orden_ID,Cliente_ID,Empleado_ID,Fec_Orden,Transportista_ID) Values(10435,16,8,'04/02/1997',2)
Insert Into Ordenes (Orden_ID,Cliente_ID,Empleado_ID,Fec_Orden,Transportista_ID) Values(10436,7,3,'05/02/1997',2)
Insert Into Ordenes (Orden_ID,Cliente_ID,Empleado_ID,Fec_Orden,Transportista_ID) Values(10437,87,8,'05/02/1997',1)
Insert Into Ordenes (Orden_ID,Cliente_ID,Empleado_ID,Fec_Orden,Transportista_ID) Values(10438,79,3,'06/02/1997',2)
Insert Into Ordenes (Orden_ID,Cliente_ID,Empleado_ID,Fec_Orden,Transportista_ID) Values(10439,51,6,'07/02/1997',3)
Insert Into Ordenes (Orden_ID,Cliente_ID,Empleado_ID,Fec_Orden,Transportista_ID) Values(10440,71,4,'10/02/1997',2)
Insert Into Ordenes (Orden_ID,Cliente_ID,Empleado_ID,Fec_Orden,Transportista_ID) Values(10441,55,3,'10/02/1997',2)
Insert Into Ordenes (Orden_ID,Cliente_ID,Empleado_ID,Fec_Orden,Transportista_ID) Values(10442,20,3,'11/02/1997',2)
Insert Into Ordenes (Orden_ID,Cliente_ID,Empleado_ID,Fec_Orden,Transportista_ID) Values(10443,66,8,'12/02/1997',1)
GO

/*Tabla de Ordenes_Detalles*/
Insert Into Ordenes_Detalle (Orden_Detalle_ID,Orden_ID,Producto_ID,Cantidad) Values(1,10248,11,12)
Insert Into Ordenes_Detalle (Orden_Detalle_ID,Orden_ID,Producto_ID,Cantidad) Values(2,10248,42,10)
Insert Into Ordenes_Detalle (Orden_Detalle_ID,Orden_ID,Producto_ID,Cantidad) Values(3,10248,72,5)
Insert Into Ordenes_Detalle (Orden_Detalle_ID,Orden_ID,Producto_ID,Cantidad) Values(4,10249,14,9)
Insert Into Ordenes_Detalle (Orden_Detalle_ID,Orden_ID,Producto_ID,Cantidad) Values(5,10249,51,40)
Insert Into Ordenes_Detalle (Orden_Detalle_ID,Orden_ID,Producto_ID,Cantidad) Values(6,10250,41,10)
Insert Into Ordenes_Detalle (Orden_Detalle_ID,Orden_ID,Producto_ID,Cantidad) Values(7,10250,51,35)
Insert Into Ordenes_Detalle (Orden_Detalle_ID,Orden_ID,Producto_ID,Cantidad) Values(8,10250,65,15)
Insert Into Ordenes_Detalle (Orden_Detalle_ID,Orden_ID,Producto_ID,Cantidad) Values(9,10251,22,6)
Insert Into Ordenes_Detalle (Orden_Detalle_ID,Orden_ID,Producto_ID,Cantidad) Values(10,10251,57,15)
Insert Into Ordenes_Detalle (Orden_Detalle_ID,Orden_ID,Producto_ID,Cantidad) Values(11,10251,65,20)
Insert Into Ordenes_Detalle (Orden_Detalle_ID,Orden_ID,Producto_ID,Cantidad) Values(12,10252,20,40)
Insert Into Ordenes_Detalle (Orden_Detalle_ID,Orden_ID,Producto_ID,Cantidad) Values(13,10252,33,25)
Insert Into Ordenes_Detalle (Orden_Detalle_ID,Orden_ID,Producto_ID,Cantidad) Values(14,10252,60,40)
Insert Into Ordenes_Detalle (Orden_Detalle_ID,Orden_ID,Producto_ID,Cantidad) Values(15,10253,31,20)
Insert Into Ordenes_Detalle (Orden_Detalle_ID,Orden_ID,Producto_ID,Cantidad) Values(16,10253,39,42)
Insert Into Ordenes_Detalle (Orden_Detalle_ID,Orden_ID,Producto_ID,Cantidad) Values(17,10253,49,40)
Insert Into Ordenes_Detalle (Orden_Detalle_ID,Orden_ID,Producto_ID,Cantidad) Values(18,10254,24,15)
Insert Into Ordenes_Detalle (Orden_Detalle_ID,Orden_ID,Producto_ID,Cantidad) Values(19,10254,55,21)
Insert Into Ordenes_Detalle (Orden_Detalle_ID,Orden_ID,Producto_ID,Cantidad) Values(20,10254,74,21)
Insert Into Ordenes_Detalle (Orden_Detalle_ID,Orden_ID,Producto_ID,Cantidad) Values(21,10255,2,20)
Insert Into Ordenes_Detalle (Orden_Detalle_ID,Orden_ID,Producto_ID,Cantidad) Values(22,10255,16,35)
Insert Into Ordenes_Detalle (Orden_Detalle_ID,Orden_ID,Producto_ID,Cantidad) Values(23,10255,36,25)
Insert Into Ordenes_Detalle (Orden_Detalle_ID,Orden_ID,Producto_ID,Cantidad) Values(24,10255,59,30)
Insert Into Ordenes_Detalle (Orden_Detalle_ID,Orden_ID,Producto_ID,Cantidad) Values(25,10256,53,15)
Insert Into Ordenes_Detalle (Orden_Detalle_ID,Orden_ID,Producto_ID,Cantidad) Values(26,10256,77,12)
Insert Into Ordenes_Detalle (Orden_Detalle_ID,Orden_ID,Producto_ID,Cantidad) Values(27,10257,27,25)
Insert Into Ordenes_Detalle (Orden_Detalle_ID,Orden_ID,Producto_ID,Cantidad) Values(28,10257,39,6)
Insert Into Ordenes_Detalle (Orden_Detalle_ID,Orden_ID,Producto_ID,Cantidad) Values(29,10257,77,15)
Insert Into Ordenes_Detalle (Orden_Detalle_ID,Orden_ID,Producto_ID,Cantidad) Values(30,10258,2,50)
Insert Into Ordenes_Detalle (Orden_Detalle_ID,Orden_ID,Producto_ID,Cantidad) Values(31,10258,5,65)
Insert Into Ordenes_Detalle (Orden_Detalle_ID,Orden_ID,Producto_ID,Cantidad) Values(32,10258,32,6)
Insert Into Ordenes_Detalle (Orden_Detalle_ID,Orden_ID,Producto_ID,Cantidad) Values(33,10259,21,10)
Insert Into Ordenes_Detalle (Orden_Detalle_ID,Orden_ID,Producto_ID,Cantidad) Values(34,10259,37,1)
Insert Into Ordenes_Detalle (Orden_Detalle_ID,Orden_ID,Producto_ID,Cantidad) Values(35,10260,41,16)
Insert Into Ordenes_Detalle (Orden_Detalle_ID,Orden_ID,Producto_ID,Cantidad) Values(36,10260,57,50)
Insert Into Ordenes_Detalle (Orden_Detalle_ID,Orden_ID,Producto_ID,Cantidad) Values(37,10260,62,15)
Insert Into Ordenes_Detalle (Orden_Detalle_ID,Orden_ID,Producto_ID,Cantidad) Values(38,10260,70,21)
Insert Into Ordenes_Detalle (Orden_Detalle_ID,Orden_ID,Producto_ID,Cantidad) Values(39,10261,21,20)
Insert Into Ordenes_Detalle (Orden_Detalle_ID,Orden_ID,Producto_ID,Cantidad) Values(40,10261,35,20)
Insert Into Ordenes_Detalle (Orden_Detalle_ID,Orden_ID,Producto_ID,Cantidad) Values(41,10262,5,12)
Insert Into Ordenes_Detalle (Orden_Detalle_ID,Orden_ID,Producto_ID,Cantidad) Values(42,10262,7,15)
Insert Into Ordenes_Detalle (Orden_Detalle_ID,Orden_ID,Producto_ID,Cantidad) Values(43,10262,56,2)
Insert Into Ordenes_Detalle (Orden_Detalle_ID,Orden_ID,Producto_ID,Cantidad) Values(44,10263,16,60)
Insert Into Ordenes_Detalle (Orden_Detalle_ID,Orden_ID,Producto_ID,Cantidad) Values(45,10263,24,28)
Insert Into Ordenes_Detalle (Orden_Detalle_ID,Orden_ID,Producto_ID,Cantidad) Values(46,10263,30,60)
Insert Into Ordenes_Detalle (Orden_Detalle_ID,Orden_ID,Producto_ID,Cantidad) Values(47,10263,74,36)
Insert Into Ordenes_Detalle (Orden_Detalle_ID,Orden_ID,Producto_ID,Cantidad) Values(48,10264,2,35)
Insert Into Ordenes_Detalle (Orden_Detalle_ID,Orden_ID,Producto_ID,Cantidad) Values(49,10264,41,25)
Insert Into Ordenes_Detalle (Orden_Detalle_ID,Orden_ID,Producto_ID,Cantidad) Values(50,10265,17,30)
Insert Into Ordenes_Detalle (Orden_Detalle_ID,Orden_ID,Producto_ID,Cantidad) Values(51,10265,70,20)
Insert Into Ordenes_Detalle (Orden_Detalle_ID,Orden_ID,Producto_ID,Cantidad) Values(52,10266,12,12)
Insert Into Ordenes_Detalle (Orden_Detalle_ID,Orden_ID,Producto_ID,Cantidad) Values(53,10267,40,50)
Insert Into Ordenes_Detalle (Orden_Detalle_ID,Orden_ID,Producto_ID,Cantidad) Values(54,10267,59,70)
Insert Into Ordenes_Detalle (Orden_Detalle_ID,Orden_ID,Producto_ID,Cantidad) Values(55,10267,76,15)
Insert Into Ordenes_Detalle (Orden_Detalle_ID,Orden_ID,Producto_ID,Cantidad) Values(56,10268,29,10)
Insert Into Ordenes_Detalle (Orden_Detalle_ID,Orden_ID,Producto_ID,Cantidad) Values(57,10268,72,4)
Insert Into Ordenes_Detalle (Orden_Detalle_ID,Orden_ID,Producto_ID,Cantidad) Values(58,10269,33,60)
Insert Into Ordenes_Detalle (Orden_Detalle_ID,Orden_ID,Producto_ID,Cantidad) Values(59,10269,72,20)
Insert Into Ordenes_Detalle (Orden_Detalle_ID,Orden_ID,Producto_ID,Cantidad) Values(60,10270,36,30)
Insert Into Ordenes_Detalle (Orden_Detalle_ID,Orden_ID,Producto_ID,Cantidad) Values(61,10270,43,25)
Insert Into Ordenes_Detalle (Orden_Detalle_ID,Orden_ID,Producto_ID,Cantidad) Values(62,10271,33,24)
Insert Into Ordenes_Detalle (Orden_Detalle_ID,Orden_ID,Producto_ID,Cantidad) Values(63,10272,20,6)
Insert Into Ordenes_Detalle (Orden_Detalle_ID,Orden_ID,Producto_ID,Cantidad) Values(64,10272,31,40)
Insert Into Ordenes_Detalle (Orden_Detalle_ID,Orden_ID,Producto_ID,Cantidad) Values(65,10272,72,24)
Insert Into Ordenes_Detalle (Orden_Detalle_ID,Orden_ID,Producto_ID,Cantidad) Values(66,10273,10,24)
Insert Into Ordenes_Detalle (Orden_Detalle_ID,Orden_ID,Producto_ID,Cantidad) Values(67,10273,31,15)
Insert Into Ordenes_Detalle (Orden_Detalle_ID,Orden_ID,Producto_ID,Cantidad) Values(68,10273,33,20)
Insert Into Ordenes_Detalle (Orden_Detalle_ID,Orden_ID,Producto_ID,Cantidad) Values(69,10273,40,60)
Insert Into Ordenes_Detalle (Orden_Detalle_ID,Orden_ID,Producto_ID,Cantidad) Values(70,10273,76,33)
Insert Into Ordenes_Detalle (Orden_Detalle_ID,Orden_ID,Producto_ID,Cantidad) Values(71,10274,71,20)
Insert Into Ordenes_Detalle (Orden_Detalle_ID,Orden_ID,Producto_ID,Cantidad) Values(72,10274,72,7)
Insert Into Ordenes_Detalle (Orden_Detalle_ID,Orden_ID,Producto_ID,Cantidad) Values(73,10275,24,12)
Insert Into Ordenes_Detalle (Orden_Detalle_ID,Orden_ID,Producto_ID,Cantidad) Values(74,10275,59,6)
Insert Into Ordenes_Detalle (Orden_Detalle_ID,Orden_ID,Producto_ID,Cantidad) Values(75,10276,10,15)
Insert Into Ordenes_Detalle (Orden_Detalle_ID,Orden_ID,Producto_ID,Cantidad) Values(76,10276,13,10)
Insert Into Ordenes_Detalle (Orden_Detalle_ID,Orden_ID,Producto_ID,Cantidad) Values(77,10277,28,20)
Insert Into Ordenes_Detalle (Orden_Detalle_ID,Orden_ID,Producto_ID,Cantidad) Values(78,10277,62,12)
Insert Into Ordenes_Detalle (Orden_Detalle_ID,Orden_ID,Producto_ID,Cantidad) Values(79,10278,44,16)
Insert Into Ordenes_Detalle (Orden_Detalle_ID,Orden_ID,Producto_ID,Cantidad) Values(80,10278,59,15)
Insert Into Ordenes_Detalle (Orden_Detalle_ID,Orden_ID,Producto_ID,Cantidad) Values(81,10278,63,8)
Insert Into Ordenes_Detalle (Orden_Detalle_ID,Orden_ID,Producto_ID,Cantidad) Values(82,10278,73,25)
Insert Into Ordenes_Detalle (Orden_Detalle_ID,Orden_ID,Producto_ID,Cantidad) Values(83,10279,17,15)
Insert Into Ordenes_Detalle (Orden_Detalle_ID,Orden_ID,Producto_ID,Cantidad) Values(84,10280,24,12)
Insert Into Ordenes_Detalle (Orden_Detalle_ID,Orden_ID,Producto_ID,Cantidad) Values(85,10280,55,20)
Insert Into Ordenes_Detalle (Orden_Detalle_ID,Orden_ID,Producto_ID,Cantidad) Values(86,10280,75,30)
Insert Into Ordenes_Detalle (Orden_Detalle_ID,Orden_ID,Producto_ID,Cantidad) Values(87,10281,19,1)
Insert Into Ordenes_Detalle (Orden_Detalle_ID,Orden_ID,Producto_ID,Cantidad) Values(88,10281,24,6)
Insert Into Ordenes_Detalle (Orden_Detalle_ID,Orden_ID,Producto_ID,Cantidad) Values(89,10281,35,4)
Insert Into Ordenes_Detalle (Orden_Detalle_ID,Orden_ID,Producto_ID,Cantidad) Values(90,10282,30,6)
Insert Into Ordenes_Detalle (Orden_Detalle_ID,Orden_ID,Producto_ID,Cantidad) Values(91,10282,57,2)
Insert Into Ordenes_Detalle (Orden_Detalle_ID,Orden_ID,Producto_ID,Cantidad) Values(92,10283,15,20)
Insert Into Ordenes_Detalle (Orden_Detalle_ID,Orden_ID,Producto_ID,Cantidad) Values(93,10283,19,18)
Insert Into Ordenes_Detalle (Orden_Detalle_ID,Orden_ID,Producto_ID,Cantidad) Values(94,10283,60,35)
Insert Into Ordenes_Detalle (Orden_Detalle_ID,Orden_ID,Producto_ID,Cantidad) Values(95,10283,72,3)
Insert Into Ordenes_Detalle (Orden_Detalle_ID,Orden_ID,Producto_ID,Cantidad) Values(96,10284,27,15)
Insert Into Ordenes_Detalle (Orden_Detalle_ID,Orden_ID,Producto_ID,Cantidad) Values(97,10284,44,21)
Insert Into Ordenes_Detalle (Orden_Detalle_ID,Orden_ID,Producto_ID,Cantidad) Values(98,10284,60,20)
Insert Into Ordenes_Detalle (Orden_Detalle_ID,Orden_ID,Producto_ID,Cantidad) Values(99,10284,67,5)
Insert Into Ordenes_Detalle (Orden_Detalle_ID,Orden_ID,Producto_ID,Cantidad) Values(100,10285,1,45)
Insert Into Ordenes_Detalle (Orden_Detalle_ID,Orden_ID,Producto_ID,Cantidad) Values(101,10285,40,40)
Insert Into Ordenes_Detalle (Orden_Detalle_ID,Orden_ID,Producto_ID,Cantidad) Values(102,10285,53,36)
Insert Into Ordenes_Detalle (Orden_Detalle_ID,Orden_ID,Producto_ID,Cantidad) Values(103,10286,35,100)
Insert Into Ordenes_Detalle (Orden_Detalle_ID,Orden_ID,Producto_ID,Cantidad) Values(104,10286,62,40)
Insert Into Ordenes_Detalle (Orden_Detalle_ID,Orden_ID,Producto_ID,Cantidad) Values(105,10287,16,40)
Insert Into Ordenes_Detalle (Orden_Detalle_ID,Orden_ID,Producto_ID,Cantidad) Values(106,10287,34,20)
Insert Into Ordenes_Detalle (Orden_Detalle_ID,Orden_ID,Producto_ID,Cantidad) Values(107,10287,46,15)
Insert Into Ordenes_Detalle (Orden_Detalle_ID,Orden_ID,Producto_ID,Cantidad) Values(108,10288,54,10)
Insert Into Ordenes_Detalle (Orden_Detalle_ID,Orden_ID,Producto_ID,Cantidad) Values(109,10288,68,3)
Insert Into Ordenes_Detalle (Orden_Detalle_ID,Orden_ID,Producto_ID,Cantidad) Values(110,10289,3,30)
Insert Into Ordenes_Detalle (Orden_Detalle_ID,Orden_ID,Producto_ID,Cantidad) Values(111,10289,64,9)
Insert Into Ordenes_Detalle (Orden_Detalle_ID,Orden_ID,Producto_ID,Cantidad) Values(112,10290,5,20)
Insert Into Ordenes_Detalle (Orden_Detalle_ID,Orden_ID,Producto_ID,Cantidad) Values(113,10290,29,15)
Insert Into Ordenes_Detalle (Orden_Detalle_ID,Orden_ID,Producto_ID,Cantidad) Values(114,10290,49,15)
Insert Into Ordenes_Detalle (Orden_Detalle_ID,Orden_ID,Producto_ID,Cantidad) Values(115,10290,77,10)
Insert Into Ordenes_Detalle (Orden_Detalle_ID,Orden_ID,Producto_ID,Cantidad) Values(116,10291,13,20)
Insert Into Ordenes_Detalle (Orden_Detalle_ID,Orden_ID,Producto_ID,Cantidad) Values(117,10291,44,24)
Insert Into Ordenes_Detalle (Orden_Detalle_ID,Orden_ID,Producto_ID,Cantidad) Values(118,10291,51,2)
Insert Into Ordenes_Detalle (Orden_Detalle_ID,Orden_ID,Producto_ID,Cantidad) Values(119,10292,20,20)
Insert Into Ordenes_Detalle (Orden_Detalle_ID,Orden_ID,Producto_ID,Cantidad) Values(120,10293,18,12)
Insert Into Ordenes_Detalle (Orden_Detalle_ID,Orden_ID,Producto_ID,Cantidad) Values(121,10293,24,10)
Insert Into Ordenes_Detalle (Orden_Detalle_ID,Orden_ID,Producto_ID,Cantidad) Values(122,10293,63,5)
Insert Into Ordenes_Detalle (Orden_Detalle_ID,Orden_ID,Producto_ID,Cantidad) Values(123,10293,75,6)
Insert Into Ordenes_Detalle (Orden_Detalle_ID,Orden_ID,Producto_ID,Cantidad) Values(124,10294,1,18)
Insert Into Ordenes_Detalle (Orden_Detalle_ID,Orden_ID,Producto_ID,Cantidad) Values(125,10294,17,15)
Insert Into Ordenes_Detalle (Orden_Detalle_ID,Orden_ID,Producto_ID,Cantidad) Values(126,10294,43,15)
Insert Into Ordenes_Detalle (Orden_Detalle_ID,Orden_ID,Producto_ID,Cantidad) Values(127,10294,60,21)
Insert Into Ordenes_Detalle (Orden_Detalle_ID,Orden_ID,Producto_ID,Cantidad) Values(128,10294,75,6)
Insert Into Ordenes_Detalle (Orden_Detalle_ID,Orden_ID,Producto_ID,Cantidad) Values(129,10295,56,4)
Insert Into Ordenes_Detalle (Orden_Detalle_ID,Orden_ID,Producto_ID,Cantidad) Values(130,10296,11,12)
Insert Into Ordenes_Detalle (Orden_Detalle_ID,Orden_ID,Producto_ID,Cantidad) Values(131,10296,16,30)
Insert Into Ordenes_Detalle (Orden_Detalle_ID,Orden_ID,Producto_ID,Cantidad) Values(132,10296,69,15)
Insert Into Ordenes_Detalle (Orden_Detalle_ID,Orden_ID,Producto_ID,Cantidad) Values(133,10297,39,60)
Insert Into Ordenes_Detalle (Orden_Detalle_ID,Orden_ID,Producto_ID,Cantidad) Values(134,10297,72,20)
Insert Into Ordenes_Detalle (Orden_Detalle_ID,Orden_ID,Producto_ID,Cantidad) Values(135,10298,2,40)
Insert Into Ordenes_Detalle (Orden_Detalle_ID,Orden_ID,Producto_ID,Cantidad) Values(136,10298,36,40)
Insert Into Ordenes_Detalle (Orden_Detalle_ID,Orden_ID,Producto_ID,Cantidad) Values(137,10298,59,30)
Insert Into Ordenes_Detalle (Orden_Detalle_ID,Orden_ID,Producto_ID,Cantidad) Values(138,10298,62,15)
Insert Into Ordenes_Detalle (Orden_Detalle_ID,Orden_ID,Producto_ID,Cantidad) Values(139,10299,19,15)
Insert Into Ordenes_Detalle (Orden_Detalle_ID,Orden_ID,Producto_ID,Cantidad) Values(140,10299,70,20)
Insert Into Ordenes_Detalle (Orden_Detalle_ID,Orden_ID,Producto_ID,Cantidad) Values(141,10300,66,30)
Insert Into Ordenes_Detalle (Orden_Detalle_ID,Orden_ID,Producto_ID,Cantidad) Values(142,10300,68,20)
Insert Into Ordenes_Detalle (Orden_Detalle_ID,Orden_ID,Producto_ID,Cantidad) Values(143,10301,40,10)
Insert Into Ordenes_Detalle (Orden_Detalle_ID,Orden_ID,Producto_ID,Cantidad) Values(144,10301,56,20)
Insert Into Ordenes_Detalle (Orden_Detalle_ID,Orden_ID,Producto_ID,Cantidad) Values(145,10302,17,40)
Insert Into Ordenes_Detalle (Orden_Detalle_ID,Orden_ID,Producto_ID,Cantidad) Values(146,10302,28,28)
Insert Into Ordenes_Detalle (Orden_Detalle_ID,Orden_ID,Producto_ID,Cantidad) Values(147,10302,43,12)
Insert Into Ordenes_Detalle (Orden_Detalle_ID,Orden_ID,Producto_ID,Cantidad) Values(148,10303,40,40)
Insert Into Ordenes_Detalle (Orden_Detalle_ID,Orden_ID,Producto_ID,Cantidad) Values(149,10303,65,30)
Insert Into Ordenes_Detalle (Orden_Detalle_ID,Orden_ID,Producto_ID,Cantidad) Values(150,10303,68,15)
Insert Into Ordenes_Detalle (Orden_Detalle_ID,Orden_ID,Producto_ID,Cantidad) Values(151,10304,49,30)
Insert Into Ordenes_Detalle (Orden_Detalle_ID,Orden_ID,Producto_ID,Cantidad) Values(152,10304,59,10)
Insert Into Ordenes_Detalle (Orden_Detalle_ID,Orden_ID,Producto_ID,Cantidad) Values(153,10304,71,2)
Insert Into Ordenes_Detalle (Orden_Detalle_ID,Orden_ID,Producto_ID,Cantidad) Values(154,10305,18,25)
Insert Into Ordenes_Detalle (Orden_Detalle_ID,Orden_ID,Producto_ID,Cantidad) Values(155,10305,29,25)
Insert Into Ordenes_Detalle (Orden_Detalle_ID,Orden_ID,Producto_ID,Cantidad) Values(156,10305,39,30)
Insert Into Ordenes_Detalle (Orden_Detalle_ID,Orden_ID,Producto_ID,Cantidad) Values(157,10306,30,10)
Insert Into Ordenes_Detalle (Orden_Detalle_ID,Orden_ID,Producto_ID,Cantidad) Values(158,10306,53,10)
Insert Into Ordenes_Detalle (Orden_Detalle_ID,Orden_ID,Producto_ID,Cantidad) Values(159,10306,54,5)
Insert Into Ordenes_Detalle (Orden_Detalle_ID,Orden_ID,Producto_ID,Cantidad) Values(160,10307,62,10)
Insert Into Ordenes_Detalle (Orden_Detalle_ID,Orden_ID,Producto_ID,Cantidad) Values(161,10307,68,3)
Insert Into Ordenes_Detalle (Orden_Detalle_ID,Orden_ID,Producto_ID,Cantidad) Values(162,10308,69,1)
Insert Into Ordenes_Detalle (Orden_Detalle_ID,Orden_ID,Producto_ID,Cantidad) Values(163,10308,70,5)
Insert Into Ordenes_Detalle (Orden_Detalle_ID,Orden_ID,Producto_ID,Cantidad) Values(164,10309,4,20)
Insert Into Ordenes_Detalle (Orden_Detalle_ID,Orden_ID,Producto_ID,Cantidad) Values(165,10309,6,30)
Insert Into Ordenes_Detalle (Orden_Detalle_ID,Orden_ID,Producto_ID,Cantidad) Values(166,10309,42,2)
Insert Into Ordenes_Detalle (Orden_Detalle_ID,Orden_ID,Producto_ID,Cantidad) Values(167,10309,43,20)
Insert Into Ordenes_Detalle (Orden_Detalle_ID,Orden_ID,Producto_ID,Cantidad) Values(168,10309,71,3)
Insert Into Ordenes_Detalle (Orden_Detalle_ID,Orden_ID,Producto_ID,Cantidad) Values(169,10310,16,10)
Insert Into Ordenes_Detalle (Orden_Detalle_ID,Orden_ID,Producto_ID,Cantidad) Values(170,10310,62,5)
Insert Into Ordenes_Detalle (Orden_Detalle_ID,Orden_ID,Producto_ID,Cantidad) Values(171,10311,42,6)
Insert Into Ordenes_Detalle (Orden_Detalle_ID,Orden_ID,Producto_ID,Cantidad) Values(172,10311,69,7)
Insert Into Ordenes_Detalle (Orden_Detalle_ID,Orden_ID,Producto_ID,Cantidad) Values(173,10312,28,4)
Insert Into Ordenes_Detalle (Orden_Detalle_ID,Orden_ID,Producto_ID,Cantidad) Values(174,10312,43,24)
Insert Into Ordenes_Detalle (Orden_Detalle_ID,Orden_ID,Producto_ID,Cantidad) Values(175,10312,53,20)
Insert Into Ordenes_Detalle (Orden_Detalle_ID,Orden_ID,Producto_ID,Cantidad) Values(176,10312,75,10)
Insert Into Ordenes_Detalle (Orden_Detalle_ID,Orden_ID,Producto_ID,Cantidad) Values(177,10313,36,12)
Insert Into Ordenes_Detalle (Orden_Detalle_ID,Orden_ID,Producto_ID,Cantidad) Values(178,10314,32,40)
Insert Into Ordenes_Detalle (Orden_Detalle_ID,Orden_ID,Producto_ID,Cantidad) Values(179,10314,58,30)
Insert Into Ordenes_Detalle (Orden_Detalle_ID,Orden_ID,Producto_ID,Cantidad) Values(180,10314,62,25)
Insert Into Ordenes_Detalle (Orden_Detalle_ID,Orden_ID,Producto_ID,Cantidad) Values(181,10315,34,14)
Insert Into Ordenes_Detalle (Orden_Detalle_ID,Orden_ID,Producto_ID,Cantidad) Values(182,10315,70,30)
Insert Into Ordenes_Detalle (Orden_Detalle_ID,Orden_ID,Producto_ID,Cantidad) Values(183,10316,41,10)
Insert Into Ordenes_Detalle (Orden_Detalle_ID,Orden_ID,Producto_ID,Cantidad) Values(184,10316,62,70)
Insert Into Ordenes_Detalle (Orden_Detalle_ID,Orden_ID,Producto_ID,Cantidad) Values(185,10317,1,20)
Insert Into Ordenes_Detalle (Orden_Detalle_ID,Orden_ID,Producto_ID,Cantidad) Values(186,10318,41,20)
Insert Into Ordenes_Detalle (Orden_Detalle_ID,Orden_ID,Producto_ID,Cantidad) Values(187,10318,76,6)
Insert Into Ordenes_Detalle (Orden_Detalle_ID,Orden_ID,Producto_ID,Cantidad) Values(188,10319,17,8)
Insert Into Ordenes_Detalle (Orden_Detalle_ID,Orden_ID,Producto_ID,Cantidad) Values(189,10319,28,14)
Insert Into Ordenes_Detalle (Orden_Detalle_ID,Orden_ID,Producto_ID,Cantidad) Values(190,10319,76,30)
Insert Into Ordenes_Detalle (Orden_Detalle_ID,Orden_ID,Producto_ID,Cantidad) Values(191,10320,71,30)
Insert Into Ordenes_Detalle (Orden_Detalle_ID,Orden_ID,Producto_ID,Cantidad) Values(192,10321,35,10)
Insert Into Ordenes_Detalle (Orden_Detalle_ID,Orden_ID,Producto_ID,Cantidad) Values(193,10322,52,20)
Insert Into Ordenes_Detalle (Orden_Detalle_ID,Orden_ID,Producto_ID,Cantidad) Values(194,10323,15,5)
Insert Into Ordenes_Detalle (Orden_Detalle_ID,Orden_ID,Producto_ID,Cantidad) Values(195,10323,25,4)
Insert Into Ordenes_Detalle (Orden_Detalle_ID,Orden_ID,Producto_ID,Cantidad) Values(196,10323,39,4)
Insert Into Ordenes_Detalle (Orden_Detalle_ID,Orden_ID,Producto_ID,Cantidad) Values(197,10324,16,21)
Insert Into Ordenes_Detalle (Orden_Detalle_ID,Orden_ID,Producto_ID,Cantidad) Values(198,10324,35,70)
Insert Into Ordenes_Detalle (Orden_Detalle_ID,Orden_ID,Producto_ID,Cantidad) Values(199,10324,46,30)
Insert Into Ordenes_Detalle (Orden_Detalle_ID,Orden_ID,Producto_ID,Cantidad) Values(200,10324,59,40)
Insert Into Ordenes_Detalle (Orden_Detalle_ID,Orden_ID,Producto_ID,Cantidad) Values(201,10324,63,80)
Insert Into Ordenes_Detalle (Orden_Detalle_ID,Orden_ID,Producto_ID,Cantidad) Values(202,10325,6,6)
Insert Into Ordenes_Detalle (Orden_Detalle_ID,Orden_ID,Producto_ID,Cantidad) Values(203,10325,13,12)
Insert Into Ordenes_Detalle (Orden_Detalle_ID,Orden_ID,Producto_ID,Cantidad) Values(204,10325,14,9)
Insert Into Ordenes_Detalle (Orden_Detalle_ID,Orden_ID,Producto_ID,Cantidad) Values(205,10325,31,4)
Insert Into Ordenes_Detalle (Orden_Detalle_ID,Orden_ID,Producto_ID,Cantidad) Values(206,10325,72,40)
Insert Into Ordenes_Detalle (Orden_Detalle_ID,Orden_ID,Producto_ID,Cantidad) Values(207,10326,4,24)
Insert Into Ordenes_Detalle (Orden_Detalle_ID,Orden_ID,Producto_ID,Cantidad) Values(208,10326,57,16)
Insert Into Ordenes_Detalle (Orden_Detalle_ID,Orden_ID,Producto_ID,Cantidad) Values(209,10326,75,50)
Insert Into Ordenes_Detalle (Orden_Detalle_ID,Orden_ID,Producto_ID,Cantidad) Values(210,10327,2,25)
Insert Into Ordenes_Detalle (Orden_Detalle_ID,Orden_ID,Producto_ID,Cantidad) Values(211,10327,11,50)
Insert Into Ordenes_Detalle (Orden_Detalle_ID,Orden_ID,Producto_ID,Cantidad) Values(212,10327,30,35)
Insert Into Ordenes_Detalle (Orden_Detalle_ID,Orden_ID,Producto_ID,Cantidad) Values(213,10327,58,30)
Insert Into Ordenes_Detalle (Orden_Detalle_ID,Orden_ID,Producto_ID,Cantidad) Values(214,10328,59,9)
Insert Into Ordenes_Detalle (Orden_Detalle_ID,Orden_ID,Producto_ID,Cantidad) Values(215,10328,65,40)
Insert Into Ordenes_Detalle (Orden_Detalle_ID,Orden_ID,Producto_ID,Cantidad) Values(216,10328,68,10)
Insert Into Ordenes_Detalle (Orden_Detalle_ID,Orden_ID,Producto_ID,Cantidad) Values(217,10329,19,10)
Insert Into Ordenes_Detalle (Orden_Detalle_ID,Orden_ID,Producto_ID,Cantidad) Values(218,10329,30,8)
Insert Into Ordenes_Detalle (Orden_Detalle_ID,Orden_ID,Producto_ID,Cantidad) Values(219,10329,38,20)
Insert Into Ordenes_Detalle (Orden_Detalle_ID,Orden_ID,Producto_ID,Cantidad) Values(220,10329,56,12)
Insert Into Ordenes_Detalle (Orden_Detalle_ID,Orden_ID,Producto_ID,Cantidad) Values(221,10330,26,50)
Insert Into Ordenes_Detalle (Orden_Detalle_ID,Orden_ID,Producto_ID,Cantidad) Values(222,10330,72,25)
Insert Into Ordenes_Detalle (Orden_Detalle_ID,Orden_ID,Producto_ID,Cantidad) Values(223,10331,54,15)
Insert Into Ordenes_Detalle (Orden_Detalle_ID,Orden_ID,Producto_ID,Cantidad) Values(224,10332,18,40)
Insert Into Ordenes_Detalle (Orden_Detalle_ID,Orden_ID,Producto_ID,Cantidad) Values(225,10332,42,10)
Insert Into Ordenes_Detalle (Orden_Detalle_ID,Orden_ID,Producto_ID,Cantidad) Values(226,10332,47,16)
Insert Into Ordenes_Detalle (Orden_Detalle_ID,Orden_ID,Producto_ID,Cantidad) Values(227,10333,14,10)
Insert Into Ordenes_Detalle (Orden_Detalle_ID,Orden_ID,Producto_ID,Cantidad) Values(228,10333,21,10)
Insert Into Ordenes_Detalle (Orden_Detalle_ID,Orden_ID,Producto_ID,Cantidad) Values(229,10333,71,40)
Insert Into Ordenes_Detalle (Orden_Detalle_ID,Orden_ID,Producto_ID,Cantidad) Values(230,10334,52,8)
Insert Into Ordenes_Detalle (Orden_Detalle_ID,Orden_ID,Producto_ID,Cantidad) Values(231,10334,68,10)
Insert Into Ordenes_Detalle (Orden_Detalle_ID,Orden_ID,Producto_ID,Cantidad) Values(232,10335,2,7)
Insert Into Ordenes_Detalle (Orden_Detalle_ID,Orden_ID,Producto_ID,Cantidad) Values(233,10335,31,25)
Insert Into Ordenes_Detalle (Orden_Detalle_ID,Orden_ID,Producto_ID,Cantidad) Values(234,10335,32,6)
Insert Into Ordenes_Detalle (Orden_Detalle_ID,Orden_ID,Producto_ID,Cantidad) Values(235,10335,51,48)
Insert Into Ordenes_Detalle (Orden_Detalle_ID,Orden_ID,Producto_ID,Cantidad) Values(236,10336,4,18)
Insert Into Ordenes_Detalle (Orden_Detalle_ID,Orden_ID,Producto_ID,Cantidad) Values(237,10337,23,40)
Insert Into Ordenes_Detalle (Orden_Detalle_ID,Orden_ID,Producto_ID,Cantidad) Values(238,10337,26,24)
Insert Into Ordenes_Detalle (Orden_Detalle_ID,Orden_ID,Producto_ID,Cantidad) Values(239,10337,36,20)
Insert Into Ordenes_Detalle (Orden_Detalle_ID,Orden_ID,Producto_ID,Cantidad) Values(240,10337,37,28)
Insert Into Ordenes_Detalle (Orden_Detalle_ID,Orden_ID,Producto_ID,Cantidad) Values(241,10337,72,25)
Insert Into Ordenes_Detalle (Orden_Detalle_ID,Orden_ID,Producto_ID,Cantidad) Values(242,10338,17,20)
Insert Into Ordenes_Detalle (Orden_Detalle_ID,Orden_ID,Producto_ID,Cantidad) Values(243,10338,30,15)
Insert Into Ordenes_Detalle (Orden_Detalle_ID,Orden_ID,Producto_ID,Cantidad) Values(244,10339,4,10)
Insert Into Ordenes_Detalle (Orden_Detalle_ID,Orden_ID,Producto_ID,Cantidad) Values(245,10339,17,70)
Insert Into Ordenes_Detalle (Orden_Detalle_ID,Orden_ID,Producto_ID,Cantidad) Values(246,10339,62,28)
Insert Into Ordenes_Detalle (Orden_Detalle_ID,Orden_ID,Producto_ID,Cantidad) Values(247,10340,18,20)
Insert Into Ordenes_Detalle (Orden_Detalle_ID,Orden_ID,Producto_ID,Cantidad) Values(248,10340,41,12)
Insert Into Ordenes_Detalle (Orden_Detalle_ID,Orden_ID,Producto_ID,Cantidad) Values(249,10340,43,40)
Insert Into Ordenes_Detalle (Orden_Detalle_ID,Orden_ID,Producto_ID,Cantidad) Values(250,10341,33,8)
Insert Into Ordenes_Detalle (Orden_Detalle_ID,Orden_ID,Producto_ID,Cantidad) Values(251,10341,59,9)
Insert Into Ordenes_Detalle (Orden_Detalle_ID,Orden_ID,Producto_ID,Cantidad) Values(252,10342,2,24)
Insert Into Ordenes_Detalle (Orden_Detalle_ID,Orden_ID,Producto_ID,Cantidad) Values(253,10342,31,56)
Insert Into Ordenes_Detalle (Orden_Detalle_ID,Orden_ID,Producto_ID,Cantidad) Values(254,10342,36,40)
Insert Into Ordenes_Detalle (Orden_Detalle_ID,Orden_ID,Producto_ID,Cantidad) Values(255,10342,55,40)
Insert Into Ordenes_Detalle (Orden_Detalle_ID,Orden_ID,Producto_ID,Cantidad) Values(256,10343,64,50)
Insert Into Ordenes_Detalle (Orden_Detalle_ID,Orden_ID,Producto_ID,Cantidad) Values(257,10343,68,4)
Insert Into Ordenes_Detalle (Orden_Detalle_ID,Orden_ID,Producto_ID,Cantidad) Values(258,10343,76,15)
Insert Into Ordenes_Detalle (Orden_Detalle_ID,Orden_ID,Producto_ID,Cantidad) Values(259,10344,4,35)
Insert Into Ordenes_Detalle (Orden_Detalle_ID,Orden_ID,Producto_ID,Cantidad) Values(260,10344,8,70)
Insert Into Ordenes_Detalle (Orden_Detalle_ID,Orden_ID,Producto_ID,Cantidad) Values(261,10345,8,70)
Insert Into Ordenes_Detalle (Orden_Detalle_ID,Orden_ID,Producto_ID,Cantidad) Values(262,10345,19,80)
Insert Into Ordenes_Detalle (Orden_Detalle_ID,Orden_ID,Producto_ID,Cantidad) Values(263,10345,42,9)
Insert Into Ordenes_Detalle (Orden_Detalle_ID,Orden_ID,Producto_ID,Cantidad) Values(264,10346,17,36)
Insert Into Ordenes_Detalle (Orden_Detalle_ID,Orden_ID,Producto_ID,Cantidad) Values(265,10346,56,20)
Insert Into Ordenes_Detalle (Orden_Detalle_ID,Orden_ID,Producto_ID,Cantidad) Values(266,10347,25,10)
Insert Into Ordenes_Detalle (Orden_Detalle_ID,Orden_ID,Producto_ID,Cantidad) Values(267,10347,39,50)
Insert Into Ordenes_Detalle (Orden_Detalle_ID,Orden_ID,Producto_ID,Cantidad) Values(268,10347,40,4)
Insert Into Ordenes_Detalle (Orden_Detalle_ID,Orden_ID,Producto_ID,Cantidad) Values(269,10347,75,6)
Insert Into Ordenes_Detalle (Orden_Detalle_ID,Orden_ID,Producto_ID,Cantidad) Values(270,10348,1,15)
Insert Into Ordenes_Detalle (Orden_Detalle_ID,Orden_ID,Producto_ID,Cantidad) Values(271,10348,23,25)
Insert Into Ordenes_Detalle (Orden_Detalle_ID,Orden_ID,Producto_ID,Cantidad) Values(272,10349,54,24)
Insert Into Ordenes_Detalle (Orden_Detalle_ID,Orden_ID,Producto_ID,Cantidad) Values(273,10350,50,15)
Insert Into Ordenes_Detalle (Orden_Detalle_ID,Orden_ID,Producto_ID,Cantidad) Values(274,10350,69,18)
Insert Into Ordenes_Detalle (Orden_Detalle_ID,Orden_ID,Producto_ID,Cantidad) Values(275,10351,38,20)
Insert Into Ordenes_Detalle (Orden_Detalle_ID,Orden_ID,Producto_ID,Cantidad) Values(276,10351,41,13)
Insert Into Ordenes_Detalle (Orden_Detalle_ID,Orden_ID,Producto_ID,Cantidad) Values(277,10351,44,77)
Insert Into Ordenes_Detalle (Orden_Detalle_ID,Orden_ID,Producto_ID,Cantidad) Values(278,10351,65,10)
Insert Into Ordenes_Detalle (Orden_Detalle_ID,Orden_ID,Producto_ID,Cantidad) Values(279,10352,24,10)
Insert Into Ordenes_Detalle (Orden_Detalle_ID,Orden_ID,Producto_ID,Cantidad) Values(280,10352,54,20)
Insert Into Ordenes_Detalle (Orden_Detalle_ID,Orden_ID,Producto_ID,Cantidad) Values(281,10353,11,12)
Insert Into Ordenes_Detalle (Orden_Detalle_ID,Orden_ID,Producto_ID,Cantidad) Values(282,10353,38,50)
Insert Into Ordenes_Detalle (Orden_Detalle_ID,Orden_ID,Producto_ID,Cantidad) Values(283,10354,1,12)
Insert Into Ordenes_Detalle (Orden_Detalle_ID,Orden_ID,Producto_ID,Cantidad) Values(284,10354,29,4)
Insert Into Ordenes_Detalle (Orden_Detalle_ID,Orden_ID,Producto_ID,Cantidad) Values(285,10355,24,25)
Insert Into Ordenes_Detalle (Orden_Detalle_ID,Orden_ID,Producto_ID,Cantidad) Values(286,10355,57,25)
Insert Into Ordenes_Detalle (Orden_Detalle_ID,Orden_ID,Producto_ID,Cantidad) Values(287,10356,31,30)
Insert Into Ordenes_Detalle (Orden_Detalle_ID,Orden_ID,Producto_ID,Cantidad) Values(288,10356,55,12)
Insert Into Ordenes_Detalle (Orden_Detalle_ID,Orden_ID,Producto_ID,Cantidad) Values(289,10356,69,20)
Insert Into Ordenes_Detalle (Orden_Detalle_ID,Orden_ID,Producto_ID,Cantidad) Values(290,10357,10,30)
Insert Into Ordenes_Detalle (Orden_Detalle_ID,Orden_ID,Producto_ID,Cantidad) Values(291,10357,26,16)
Insert Into Ordenes_Detalle (Orden_Detalle_ID,Orden_ID,Producto_ID,Cantidad) Values(292,10357,60,8)
Insert Into Ordenes_Detalle (Orden_Detalle_ID,Orden_ID,Producto_ID,Cantidad) Values(293,10358,24,10)
Insert Into Ordenes_Detalle (Orden_Detalle_ID,Orden_ID,Producto_ID,Cantidad) Values(294,10358,34,10)
Insert Into Ordenes_Detalle (Orden_Detalle_ID,Orden_ID,Producto_ID,Cantidad) Values(295,10358,36,20)
Insert Into Ordenes_Detalle (Orden_Detalle_ID,Orden_ID,Producto_ID,Cantidad) Values(296,10359,16,56)
Insert Into Ordenes_Detalle (Orden_Detalle_ID,Orden_ID,Producto_ID,Cantidad) Values(297,10359,31,70)
Insert Into Ordenes_Detalle (Orden_Detalle_ID,Orden_ID,Producto_ID,Cantidad) Values(298,10359,60,80)
Insert Into Ordenes_Detalle (Orden_Detalle_ID,Orden_ID,Producto_ID,Cantidad) Values(299,10360,28,30)
Insert Into Ordenes_Detalle (Orden_Detalle_ID,Orden_ID,Producto_ID,Cantidad) Values(300,10360,29,35)
Insert Into Ordenes_Detalle (Orden_Detalle_ID,Orden_ID,Producto_ID,Cantidad) Values(301,10360,38,10)
Insert Into Ordenes_Detalle (Orden_Detalle_ID,Orden_ID,Producto_ID,Cantidad) Values(302,10360,49,35)
Insert Into Ordenes_Detalle (Orden_Detalle_ID,Orden_ID,Producto_ID,Cantidad) Values(303,10360,54,28)
Insert Into Ordenes_Detalle (Orden_Detalle_ID,Orden_ID,Producto_ID,Cantidad) Values(304,10361,39,54)
Insert Into Ordenes_Detalle (Orden_Detalle_ID,Orden_ID,Producto_ID,Cantidad) Values(305,10361,60,55)
Insert Into Ordenes_Detalle (Orden_Detalle_ID,Orden_ID,Producto_ID,Cantidad) Values(306,10362,25,50)
Insert Into Ordenes_Detalle (Orden_Detalle_ID,Orden_ID,Producto_ID,Cantidad) Values(307,10362,51,20)
Insert Into Ordenes_Detalle (Orden_Detalle_ID,Orden_ID,Producto_ID,Cantidad) Values(308,10362,54,24)
Insert Into Ordenes_Detalle (Orden_Detalle_ID,Orden_ID,Producto_ID,Cantidad) Values(309,10363,31,20)
Insert Into Ordenes_Detalle (Orden_Detalle_ID,Orden_ID,Producto_ID,Cantidad) Values(310,10363,75,12)
Insert Into Ordenes_Detalle (Orden_Detalle_ID,Orden_ID,Producto_ID,Cantidad) Values(311,10363,76,12)
Insert Into Ordenes_Detalle (Orden_Detalle_ID,Orden_ID,Producto_ID,Cantidad) Values(312,10364,69,30)
Insert Into Ordenes_Detalle (Orden_Detalle_ID,Orden_ID,Producto_ID,Cantidad) Values(313,10364,71,5)
Insert Into Ordenes_Detalle (Orden_Detalle_ID,Orden_ID,Producto_ID,Cantidad) Values(314,10365,11,24)
Insert Into Ordenes_Detalle (Orden_Detalle_ID,Orden_ID,Producto_ID,Cantidad) Values(315,10366,65,5)
Insert Into Ordenes_Detalle (Orden_Detalle_ID,Orden_ID,Producto_ID,Cantidad) Values(316,10366,77,5)
Insert Into Ordenes_Detalle (Orden_Detalle_ID,Orden_ID,Producto_ID,Cantidad) Values(317,10367,34,36)
Insert Into Ordenes_Detalle (Orden_Detalle_ID,Orden_ID,Producto_ID,Cantidad) Values(318,10367,54,18)
Insert Into Ordenes_Detalle (Orden_Detalle_ID,Orden_ID,Producto_ID,Cantidad) Values(319,10367,65,15)
Insert Into Ordenes_Detalle (Orden_Detalle_ID,Orden_ID,Producto_ID,Cantidad) Values(320,10367,77,7)
Insert Into Ordenes_Detalle (Orden_Detalle_ID,Orden_ID,Producto_ID,Cantidad) Values(321,10368,21,5)
Insert Into Ordenes_Detalle (Orden_Detalle_ID,Orden_ID,Producto_ID,Cantidad) Values(322,10368,28,13)
Insert Into Ordenes_Detalle (Orden_Detalle_ID,Orden_ID,Producto_ID,Cantidad) Values(323,10368,57,25)
Insert Into Ordenes_Detalle (Orden_Detalle_ID,Orden_ID,Producto_ID,Cantidad) Values(324,10368,64,35)
Insert Into Ordenes_Detalle (Orden_Detalle_ID,Orden_ID,Producto_ID,Cantidad) Values(325,10369,29,20)
Insert Into Ordenes_Detalle (Orden_Detalle_ID,Orden_ID,Producto_ID,Cantidad) Values(326,10369,56,18)
Insert Into Ordenes_Detalle (Orden_Detalle_ID,Orden_ID,Producto_ID,Cantidad) Values(327,10370,1,15)
Insert Into Ordenes_Detalle (Orden_Detalle_ID,Orden_ID,Producto_ID,Cantidad) Values(328,10370,64,30)
Insert Into Ordenes_Detalle (Orden_Detalle_ID,Orden_ID,Producto_ID,Cantidad) Values(329,10370,74,20)
Insert Into Ordenes_Detalle (Orden_Detalle_ID,Orden_ID,Producto_ID,Cantidad) Values(330,10371,36,6)
Insert Into Ordenes_Detalle (Orden_Detalle_ID,Orden_ID,Producto_ID,Cantidad) Values(331,10372,20,12)
Insert Into Ordenes_Detalle (Orden_Detalle_ID,Orden_ID,Producto_ID,Cantidad) Values(332,10372,38,40)
Insert Into Ordenes_Detalle (Orden_Detalle_ID,Orden_ID,Producto_ID,Cantidad) Values(333,10372,60,70)
Insert Into Ordenes_Detalle (Orden_Detalle_ID,Orden_ID,Producto_ID,Cantidad) Values(334,10372,72,42)
Insert Into Ordenes_Detalle (Orden_Detalle_ID,Orden_ID,Producto_ID,Cantidad) Values(335,10373,58,80)
Insert Into Ordenes_Detalle (Orden_Detalle_ID,Orden_ID,Producto_ID,Cantidad) Values(336,10373,71,50)
Insert Into Ordenes_Detalle (Orden_Detalle_ID,Orden_ID,Producto_ID,Cantidad) Values(337,10374,31,30)
Insert Into Ordenes_Detalle (Orden_Detalle_ID,Orden_ID,Producto_ID,Cantidad) Values(338,10374,58,15)
Insert Into Ordenes_Detalle (Orden_Detalle_ID,Orden_ID,Producto_ID,Cantidad) Values(339,10375,14,15)
Insert Into Ordenes_Detalle (Orden_Detalle_ID,Orden_ID,Producto_ID,Cantidad) Values(340,10375,54,10)
Insert Into Ordenes_Detalle (Orden_Detalle_ID,Orden_ID,Producto_ID,Cantidad) Values(341,10376,31,42)
Insert Into Ordenes_Detalle (Orden_Detalle_ID,Orden_ID,Producto_ID,Cantidad) Values(342,10377,28,20)
Insert Into Ordenes_Detalle (Orden_Detalle_ID,Orden_ID,Producto_ID,Cantidad) Values(343,10377,39,20)
Insert Into Ordenes_Detalle (Orden_Detalle_ID,Orden_ID,Producto_ID,Cantidad) Values(344,10378,71,6)
Insert Into Ordenes_Detalle (Orden_Detalle_ID,Orden_ID,Producto_ID,Cantidad) Values(345,10379,41,8)
Insert Into Ordenes_Detalle (Orden_Detalle_ID,Orden_ID,Producto_ID,Cantidad) Values(346,10379,63,16)
Insert Into Ordenes_Detalle (Orden_Detalle_ID,Orden_ID,Producto_ID,Cantidad) Values(347,10379,65,20)
Insert Into Ordenes_Detalle (Orden_Detalle_ID,Orden_ID,Producto_ID,Cantidad) Values(348,10380,30,18)
Insert Into Ordenes_Detalle (Orden_Detalle_ID,Orden_ID,Producto_ID,Cantidad) Values(349,10380,53,20)
Insert Into Ordenes_Detalle (Orden_Detalle_ID,Orden_ID,Producto_ID,Cantidad) Values(350,10380,60,6)
Insert Into Ordenes_Detalle (Orden_Detalle_ID,Orden_ID,Producto_ID,Cantidad) Values(351,10380,70,30)
Insert Into Ordenes_Detalle (Orden_Detalle_ID,Orden_ID,Producto_ID,Cantidad) Values(352,10381,74,14)
Insert Into Ordenes_Detalle (Orden_Detalle_ID,Orden_ID,Producto_ID,Cantidad) Values(353,10382,5,32)
Insert Into Ordenes_Detalle (Orden_Detalle_ID,Orden_ID,Producto_ID,Cantidad) Values(354,10382,18,9)
Insert Into Ordenes_Detalle (Orden_Detalle_ID,Orden_ID,Producto_ID,Cantidad) Values(355,10382,29,14)
Insert Into Ordenes_Detalle (Orden_Detalle_ID,Orden_ID,Producto_ID,Cantidad) Values(356,10382,33,60)
Insert Into Ordenes_Detalle (Orden_Detalle_ID,Orden_ID,Producto_ID,Cantidad) Values(357,10382,74,50)
Insert Into Ordenes_Detalle (Orden_Detalle_ID,Orden_ID,Producto_ID,Cantidad) Values(358,10383,13,20)
Insert Into Ordenes_Detalle (Orden_Detalle_ID,Orden_ID,Producto_ID,Cantidad) Values(359,10383,50,15)
Insert Into Ordenes_Detalle (Orden_Detalle_ID,Orden_ID,Producto_ID,Cantidad) Values(360,10383,56,20)
Insert Into Ordenes_Detalle (Orden_Detalle_ID,Orden_ID,Producto_ID,Cantidad) Values(361,10384,20,28)
Insert Into Ordenes_Detalle (Orden_Detalle_ID,Orden_ID,Producto_ID,Cantidad) Values(362,10384,60,15)
Insert Into Ordenes_Detalle (Orden_Detalle_ID,Orden_ID,Producto_ID,Cantidad) Values(363,10385,7,10)
Insert Into Ordenes_Detalle (Orden_Detalle_ID,Orden_ID,Producto_ID,Cantidad) Values(364,10385,60,20)
Insert Into Ordenes_Detalle (Orden_Detalle_ID,Orden_ID,Producto_ID,Cantidad) Values(365,10385,68,8)
Insert Into Ordenes_Detalle (Orden_Detalle_ID,Orden_ID,Producto_ID,Cantidad) Values(366,10386,24,15)
Insert Into Ordenes_Detalle (Orden_Detalle_ID,Orden_ID,Producto_ID,Cantidad) Values(367,10386,34,10)
Insert Into Ordenes_Detalle (Orden_Detalle_ID,Orden_ID,Producto_ID,Cantidad) Values(368,10387,24,15)
Insert Into Ordenes_Detalle (Orden_Detalle_ID,Orden_ID,Producto_ID,Cantidad) Values(369,10387,28,6)
Insert Into Ordenes_Detalle (Orden_Detalle_ID,Orden_ID,Producto_ID,Cantidad) Values(370,10387,59,12)
Insert Into Ordenes_Detalle (Orden_Detalle_ID,Orden_ID,Producto_ID,Cantidad) Values(371,10387,71,15)
Insert Into Ordenes_Detalle (Orden_Detalle_ID,Orden_ID,Producto_ID,Cantidad) Values(372,10388,45,15)
Insert Into Ordenes_Detalle (Orden_Detalle_ID,Orden_ID,Producto_ID,Cantidad) Values(373,10388,52,20)
Insert Into Ordenes_Detalle (Orden_Detalle_ID,Orden_ID,Producto_ID,Cantidad) Values(374,10388,53,40)
Insert Into Ordenes_Detalle (Orden_Detalle_ID,Orden_ID,Producto_ID,Cantidad) Values(375,10389,10,16)
Insert Into Ordenes_Detalle (Orden_Detalle_ID,Orden_ID,Producto_ID,Cantidad) Values(376,10389,55,15)
Insert Into Ordenes_Detalle (Orden_Detalle_ID,Orden_ID,Producto_ID,Cantidad) Values(377,10389,62,20)
Insert Into Ordenes_Detalle (Orden_Detalle_ID,Orden_ID,Producto_ID,Cantidad) Values(378,10389,70,30)
Insert Into Ordenes_Detalle (Orden_Detalle_ID,Orden_ID,Producto_ID,Cantidad) Values(379,10390,31,60)
Insert Into Ordenes_Detalle (Orden_Detalle_ID,Orden_ID,Producto_ID,Cantidad) Values(380,10390,35,40)
Insert Into Ordenes_Detalle (Orden_Detalle_ID,Orden_ID,Producto_ID,Cantidad) Values(381,10390,46,45)
Insert Into Ordenes_Detalle (Orden_Detalle_ID,Orden_ID,Producto_ID,Cantidad) Values(382,10390,72,24)
Insert Into Ordenes_Detalle (Orden_Detalle_ID,Orden_ID,Producto_ID,Cantidad) Values(383,10391,13,18)
Insert Into Ordenes_Detalle (Orden_Detalle_ID,Orden_ID,Producto_ID,Cantidad) Values(384,10392,69,50)
Insert Into Ordenes_Detalle (Orden_Detalle_ID,Orden_ID,Producto_ID,Cantidad) Values(385,10393,2,25)
Insert Into Ordenes_Detalle (Orden_Detalle_ID,Orden_ID,Producto_ID,Cantidad) Values(386,10393,14,42)
Insert Into Ordenes_Detalle (Orden_Detalle_ID,Orden_ID,Producto_ID,Cantidad) Values(387,10393,25,7)
Insert Into Ordenes_Detalle (Orden_Detalle_ID,Orden_ID,Producto_ID,Cantidad) Values(388,10393,26,70)
Insert Into Ordenes_Detalle (Orden_Detalle_ID,Orden_ID,Producto_ID,Cantidad) Values(389,10393,31,32)
Insert Into Ordenes_Detalle (Orden_Detalle_ID,Orden_ID,Producto_ID,Cantidad) Values(390,10394,13,10)
Insert Into Ordenes_Detalle (Orden_Detalle_ID,Orden_ID,Producto_ID,Cantidad) Values(391,10394,62,10)
Insert Into Ordenes_Detalle (Orden_Detalle_ID,Orden_ID,Producto_ID,Cantidad) Values(392,10395,46,28)
Insert Into Ordenes_Detalle (Orden_Detalle_ID,Orden_ID,Producto_ID,Cantidad) Values(393,10395,53,70)
Insert Into Ordenes_Detalle (Orden_Detalle_ID,Orden_ID,Producto_ID,Cantidad) Values(394,10395,69,8)
Insert Into Ordenes_Detalle (Orden_Detalle_ID,Orden_ID,Producto_ID,Cantidad) Values(395,10396,23,40)
Insert Into Ordenes_Detalle (Orden_Detalle_ID,Orden_ID,Producto_ID,Cantidad) Values(396,10396,71,60)
Insert Into Ordenes_Detalle (Orden_Detalle_ID,Orden_ID,Producto_ID,Cantidad) Values(397,10396,72,21)
Insert Into Ordenes_Detalle (Orden_Detalle_ID,Orden_ID,Producto_ID,Cantidad) Values(398,10397,21,10)
Insert Into Ordenes_Detalle (Orden_Detalle_ID,Orden_ID,Producto_ID,Cantidad) Values(399,10397,51,18)
Insert Into Ordenes_Detalle (Orden_Detalle_ID,Orden_ID,Producto_ID,Cantidad) Values(400,10398,35,30)
Insert Into Ordenes_Detalle (Orden_Detalle_ID,Orden_ID,Producto_ID,Cantidad) Values(401,10398,55,120)
Insert Into Ordenes_Detalle (Orden_Detalle_ID,Orden_ID,Producto_ID,Cantidad) Values(402,10399,68,60)
Insert Into Ordenes_Detalle (Orden_Detalle_ID,Orden_ID,Producto_ID,Cantidad) Values(403,10399,71,30)
Insert Into Ordenes_Detalle (Orden_Detalle_ID,Orden_ID,Producto_ID,Cantidad) Values(404,10399,76,35)
Insert Into Ordenes_Detalle (Orden_Detalle_ID,Orden_ID,Producto_ID,Cantidad) Values(405,10399,77,14)
Insert Into Ordenes_Detalle (Orden_Detalle_ID,Orden_ID,Producto_ID,Cantidad) Values(406,10400,29,21)
Insert Into Ordenes_Detalle (Orden_Detalle_ID,Orden_ID,Producto_ID,Cantidad) Values(407,10400,35,35)
Insert Into Ordenes_Detalle (Orden_Detalle_ID,Orden_ID,Producto_ID,Cantidad) Values(408,10400,49,30)
Insert Into Ordenes_Detalle (Orden_Detalle_ID,Orden_ID,Producto_ID,Cantidad) Values(409,10401,30,18)
Insert Into Ordenes_Detalle (Orden_Detalle_ID,Orden_ID,Producto_ID,Cantidad) Values(410,10401,56,70)
Insert Into Ordenes_Detalle (Orden_Detalle_ID,Orden_ID,Producto_ID,Cantidad) Values(411,10401,65,20)
Insert Into Ordenes_Detalle (Orden_Detalle_ID,Orden_ID,Producto_ID,Cantidad) Values(412,10401,71,60)
Insert Into Ordenes_Detalle (Orden_Detalle_ID,Orden_ID,Producto_ID,Cantidad) Values(413,10402,23,60)
Insert Into Ordenes_Detalle (Orden_Detalle_ID,Orden_ID,Producto_ID,Cantidad) Values(414,10402,63,65)
Insert Into Ordenes_Detalle (Orden_Detalle_ID,Orden_ID,Producto_ID,Cantidad) Values(415,10403,16,21)
Insert Into Ordenes_Detalle (Orden_Detalle_ID,Orden_ID,Producto_ID,Cantidad) Values(416,10403,48,70)
Insert Into Ordenes_Detalle (Orden_Detalle_ID,Orden_ID,Producto_ID,Cantidad) Values(417,10404,26,30)
Insert Into Ordenes_Detalle (Orden_Detalle_ID,Orden_ID,Producto_ID,Cantidad) Values(418,10404,42,40)
Insert Into Ordenes_Detalle (Orden_Detalle_ID,Orden_ID,Producto_ID,Cantidad) Values(419,10404,49,30)
Insert Into Ordenes_Detalle (Orden_Detalle_ID,Orden_ID,Producto_ID,Cantidad) Values(420,10405,3,50)
Insert Into Ordenes_Detalle (Orden_Detalle_ID,Orden_ID,Producto_ID,Cantidad) Values(421,10406,1,10)
Insert Into Ordenes_Detalle (Orden_Detalle_ID,Orden_ID,Producto_ID,Cantidad) Values(422,10406,21,30)
Insert Into Ordenes_Detalle (Orden_Detalle_ID,Orden_ID,Producto_ID,Cantidad) Values(423,10406,28,42)
Insert Into Ordenes_Detalle (Orden_Detalle_ID,Orden_ID,Producto_ID,Cantidad) Values(424,10406,36,5)
Insert Into Ordenes_Detalle (Orden_Detalle_ID,Orden_ID,Producto_ID,Cantidad) Values(425,10406,40,2)
Insert Into Ordenes_Detalle (Orden_Detalle_ID,Orden_ID,Producto_ID,Cantidad) Values(426,10407,11,30)
Insert Into Ordenes_Detalle (Orden_Detalle_ID,Orden_ID,Producto_ID,Cantidad) Values(427,10407,69,15)
Insert Into Ordenes_Detalle (Orden_Detalle_ID,Orden_ID,Producto_ID,Cantidad) Values(428,10407,71,15)
Insert Into Ordenes_Detalle (Orden_Detalle_ID,Orden_ID,Producto_ID,Cantidad) Values(429,10408,37,10)
Insert Into Ordenes_Detalle (Orden_Detalle_ID,Orden_ID,Producto_ID,Cantidad) Values(430,10408,54,6)
Insert Into Ordenes_Detalle (Orden_Detalle_ID,Orden_ID,Producto_ID,Cantidad) Values(431,10408,62,35)
Insert Into Ordenes_Detalle (Orden_Detalle_ID,Orden_ID,Producto_ID,Cantidad) Values(432,10409,14,12)
Insert Into Ordenes_Detalle (Orden_Detalle_ID,Orden_ID,Producto_ID,Cantidad) Values(433,10409,21,12)
Insert Into Ordenes_Detalle (Orden_Detalle_ID,Orden_ID,Producto_ID,Cantidad) Values(434,10410,33,49)
Insert Into Ordenes_Detalle (Orden_Detalle_ID,Orden_ID,Producto_ID,Cantidad) Values(435,10410,59,16)
Insert Into Ordenes_Detalle (Orden_Detalle_ID,Orden_ID,Producto_ID,Cantidad) Values(436,10411,41,25)
Insert Into Ordenes_Detalle (Orden_Detalle_ID,Orden_ID,Producto_ID,Cantidad) Values(437,10411,44,40)
Insert Into Ordenes_Detalle (Orden_Detalle_ID,Orden_ID,Producto_ID,Cantidad) Values(438,10411,59,9)
Insert Into Ordenes_Detalle (Orden_Detalle_ID,Orden_ID,Producto_ID,Cantidad) Values(439,10412,14,20)
Insert Into Ordenes_Detalle (Orden_Detalle_ID,Orden_ID,Producto_ID,Cantidad) Values(440,10413,1,24)
Insert Into Ordenes_Detalle (Orden_Detalle_ID,Orden_ID,Producto_ID,Cantidad) Values(441,10413,62,40)
Insert Into Ordenes_Detalle (Orden_Detalle_ID,Orden_ID,Producto_ID,Cantidad) Values(442,10413,76,14)
Insert Into Ordenes_Detalle (Orden_Detalle_ID,Orden_ID,Producto_ID,Cantidad) Values(443,10414,19,18)
Insert Into Ordenes_Detalle (Orden_Detalle_ID,Orden_ID,Producto_ID,Cantidad) Values(444,10414,33,50)
Insert Into Ordenes_Detalle (Orden_Detalle_ID,Orden_ID,Producto_ID,Cantidad) Values(445,10415,17,2)
Insert Into Ordenes_Detalle (Orden_Detalle_ID,Orden_ID,Producto_ID,Cantidad) Values(446,10415,33,20)
Insert Into Ordenes_Detalle (Orden_Detalle_ID,Orden_ID,Producto_ID,Cantidad) Values(447,10416,19,20)
Insert Into Ordenes_Detalle (Orden_Detalle_ID,Orden_ID,Producto_ID,Cantidad) Values(448,10416,53,10)
Insert Into Ordenes_Detalle (Orden_Detalle_ID,Orden_ID,Producto_ID,Cantidad) Values(449,10416,57,20)
Insert Into Ordenes_Detalle (Orden_Detalle_ID,Orden_ID,Producto_ID,Cantidad) Values(450,10417,38,50)
Insert Into Ordenes_Detalle (Orden_Detalle_ID,Orden_ID,Producto_ID,Cantidad) Values(451,10417,46,2)
Insert Into Ordenes_Detalle (Orden_Detalle_ID,Orden_ID,Producto_ID,Cantidad) Values(452,10417,68,36)
Insert Into Ordenes_Detalle (Orden_Detalle_ID,Orden_ID,Producto_ID,Cantidad) Values(453,10417,77,35)
Insert Into Ordenes_Detalle (Orden_Detalle_ID,Orden_ID,Producto_ID,Cantidad) Values(454,10418,2,60)
Insert Into Ordenes_Detalle (Orden_Detalle_ID,Orden_ID,Producto_ID,Cantidad) Values(455,10418,47,55)
Insert Into Ordenes_Detalle (Orden_Detalle_ID,Orden_ID,Producto_ID,Cantidad) Values(456,10418,61,16)
Insert Into Ordenes_Detalle (Orden_Detalle_ID,Orden_ID,Producto_ID,Cantidad) Values(457,10418,74,15)
Insert Into Ordenes_Detalle (Orden_Detalle_ID,Orden_ID,Producto_ID,Cantidad) Values(458,10419,60,60)
Insert Into Ordenes_Detalle (Orden_Detalle_ID,Orden_ID,Producto_ID,Cantidad) Values(459,10419,69,20)
Insert Into Ordenes_Detalle (Orden_Detalle_ID,Orden_ID,Producto_ID,Cantidad) Values(460,10420,9,20)
Insert Into Ordenes_Detalle (Orden_Detalle_ID,Orden_ID,Producto_ID,Cantidad) Values(461,10420,13,2)
Insert Into Ordenes_Detalle (Orden_Detalle_ID,Orden_ID,Producto_ID,Cantidad) Values(462,10420,70,8)
Insert Into Ordenes_Detalle (Orden_Detalle_ID,Orden_ID,Producto_ID,Cantidad) Values(463,10420,73,20)
Insert Into Ordenes_Detalle (Orden_Detalle_ID,Orden_ID,Producto_ID,Cantidad) Values(464,10421,19,4)
Insert Into Ordenes_Detalle (Orden_Detalle_ID,Orden_ID,Producto_ID,Cantidad) Values(465,10421,26,30)
Insert Into Ordenes_Detalle (Orden_Detalle_ID,Orden_ID,Producto_ID,Cantidad) Values(466,10421,53,15)
Insert Into Ordenes_Detalle (Orden_Detalle_ID,Orden_ID,Producto_ID,Cantidad) Values(467,10421,77,10)
Insert Into Ordenes_Detalle (Orden_Detalle_ID,Orden_ID,Producto_ID,Cantidad) Values(468,10422,26,2)
Insert Into Ordenes_Detalle (Orden_Detalle_ID,Orden_ID,Producto_ID,Cantidad) Values(469,10423,31,14)
Insert Into Ordenes_Detalle (Orden_Detalle_ID,Orden_ID,Producto_ID,Cantidad) Values(470,10423,59,20)
Insert Into Ordenes_Detalle (Orden_Detalle_ID,Orden_ID,Producto_ID,Cantidad) Values(471,10424,35,60)
Insert Into Ordenes_Detalle (Orden_Detalle_ID,Orden_ID,Producto_ID,Cantidad) Values(472,10424,38,49)
Insert Into Ordenes_Detalle (Orden_Detalle_ID,Orden_ID,Producto_ID,Cantidad) Values(473,10424,68,30)
Insert Into Ordenes_Detalle (Orden_Detalle_ID,Orden_ID,Producto_ID,Cantidad) Values(474,10425,55,10)
Insert Into Ordenes_Detalle (Orden_Detalle_ID,Orden_ID,Producto_ID,Cantidad) Values(475,10425,76,20)
Insert Into Ordenes_Detalle (Orden_Detalle_ID,Orden_ID,Producto_ID,Cantidad) Values(476,10426,56,5)
Insert Into Ordenes_Detalle (Orden_Detalle_ID,Orden_ID,Producto_ID,Cantidad) Values(477,10426,64,7)
Insert Into Ordenes_Detalle (Orden_Detalle_ID,Orden_ID,Producto_ID,Cantidad) Values(478,10427,14,35)
Insert Into Ordenes_Detalle (Orden_Detalle_ID,Orden_ID,Producto_ID,Cantidad) Values(479,10428,46,20)
Insert Into Ordenes_Detalle (Orden_Detalle_ID,Orden_ID,Producto_ID,Cantidad) Values(480,10429,50,40)
Insert Into Ordenes_Detalle (Orden_Detalle_ID,Orden_ID,Producto_ID,Cantidad) Values(481,10429,63,35)
Insert Into Ordenes_Detalle (Orden_Detalle_ID,Orden_ID,Producto_ID,Cantidad) Values(482,10430,17,45)
Insert Into Ordenes_Detalle (Orden_Detalle_ID,Orden_ID,Producto_ID,Cantidad) Values(483,10430,21,50)
Insert Into Ordenes_Detalle (Orden_Detalle_ID,Orden_ID,Producto_ID,Cantidad) Values(484,10430,56,30)
Insert Into Ordenes_Detalle (Orden_Detalle_ID,Orden_ID,Producto_ID,Cantidad) Values(485,10430,59,70)
Insert Into Ordenes_Detalle (Orden_Detalle_ID,Orden_ID,Producto_ID,Cantidad) Values(486,10431,17,50)
Insert Into Ordenes_Detalle (Orden_Detalle_ID,Orden_ID,Producto_ID,Cantidad) Values(487,10431,40,50)
Insert Into Ordenes_Detalle (Orden_Detalle_ID,Orden_ID,Producto_ID,Cantidad) Values(488,10431,47,30)
Insert Into Ordenes_Detalle (Orden_Detalle_ID,Orden_ID,Producto_ID,Cantidad) Values(489,10432,26,10)
Insert Into Ordenes_Detalle (Orden_Detalle_ID,Orden_ID,Producto_ID,Cantidad) Values(490,10432,54,40)
Insert Into Ordenes_Detalle (Orden_Detalle_ID,Orden_ID,Producto_ID,Cantidad) Values(491,10433,56,28)
Insert Into Ordenes_Detalle (Orden_Detalle_ID,Orden_ID,Producto_ID,Cantidad) Values(492,10434,11,6)
Insert Into Ordenes_Detalle (Orden_Detalle_ID,Orden_ID,Producto_ID,Cantidad) Values(493,10434,76,18)
Insert Into Ordenes_Detalle (Orden_Detalle_ID,Orden_ID,Producto_ID,Cantidad) Values(494,10435,2,10)
Insert Into Ordenes_Detalle (Orden_Detalle_ID,Orden_ID,Producto_ID,Cantidad) Values(495,10435,22,12)
Insert Into Ordenes_Detalle (Orden_Detalle_ID,Orden_ID,Producto_ID,Cantidad) Values(496,10435,72,10)
Insert Into Ordenes_Detalle (Orden_Detalle_ID,Orden_ID,Producto_ID,Cantidad) Values(497,10436,46,5)
Insert Into Ordenes_Detalle (Orden_Detalle_ID,Orden_ID,Producto_ID,Cantidad) Values(498,10436,56,40)
Insert Into Ordenes_Detalle (Orden_Detalle_ID,Orden_ID,Producto_ID,Cantidad) Values(499,10436,64,30)
Insert Into Ordenes_Detalle (Orden_Detalle_ID,Orden_ID,Producto_ID,Cantidad) Values(500,10436,75,24)
Insert Into Ordenes_Detalle (Orden_Detalle_ID,Orden_ID,Producto_ID,Cantidad) Values(501,10437,53,15)
Insert Into Ordenes_Detalle (Orden_Detalle_ID,Orden_ID,Producto_ID,Cantidad) Values(502,10438,19,15)
Insert Into Ordenes_Detalle (Orden_Detalle_ID,Orden_ID,Producto_ID,Cantidad) Values(503,10438,34,20)
Insert Into Ordenes_Detalle (Orden_Detalle_ID,Orden_ID,Producto_ID,Cantidad) Values(504,10438,57,15)
Insert Into Ordenes_Detalle (Orden_Detalle_ID,Orden_ID,Producto_ID,Cantidad) Values(505,10439,12,15)
Insert Into Ordenes_Detalle (Orden_Detalle_ID,Orden_ID,Producto_ID,Cantidad) Values(506,10439,16,16)
Insert Into Ordenes_Detalle (Orden_Detalle_ID,Orden_ID,Producto_ID,Cantidad) Values(507,10439,64,6)
Insert Into Ordenes_Detalle (Orden_Detalle_ID,Orden_ID,Producto_ID,Cantidad) Values(508,10439,74,30)
Insert Into Ordenes_Detalle (Orden_Detalle_ID,Orden_ID,Producto_ID,Cantidad) Values(509,10440,2,45)
Insert Into Ordenes_Detalle (Orden_Detalle_ID,Orden_ID,Producto_ID,Cantidad) Values(510,10440,16,49)
Insert Into Ordenes_Detalle (Orden_Detalle_ID,Orden_ID,Producto_ID,Cantidad) Values(511,10440,29,24)
Insert Into Ordenes_Detalle (Orden_Detalle_ID,Orden_ID,Producto_ID,Cantidad) Values(512,10440,61,90)
Insert Into Ordenes_Detalle (Orden_Detalle_ID,Orden_ID,Producto_ID,Cantidad) Values(513,10441,27,50)
Insert Into Ordenes_Detalle (Orden_Detalle_ID,Orden_ID,Producto_ID,Cantidad) Values(514,10442,11,30)
Insert Into Ordenes_Detalle (Orden_Detalle_ID,Orden_ID,Producto_ID,Cantidad) Values(515,10442,54,80)
Insert Into Ordenes_Detalle (Orden_Detalle_ID,Orden_ID,Producto_ID,Cantidad) Values(516,10442,66,60)
Insert Into Ordenes_Detalle (Orden_Detalle_ID,Orden_ID,Producto_ID,Cantidad) Values(517,10443,11,6)
Insert Into Ordenes_Detalle (Orden_Detalle_ID,Orden_ID,Producto_ID,Cantidad) Values(518,10443,28,12)
